﻿TMP_AR,TMP_EN,CENTER,Q233,Q244,Q256,Q326,GENDER,ACADEMIC,NATIONALITY,SECTOR,Dim1.1,Dim1.2,Dim2.1,Dim2.2,Dim2.3,Dim3.1,Dim3.2,Dim3.3,Dim3.4,Dim3.5,Dim3.6,Dim3.7,Dim3.8,Dim4.1,Dim4.2,Dim4.3,Dim4.4,Dim4.5,Dim4.6,Dim4.7,Dim4.8,Dim4.9,Dim4.10,Dim4.11,Dim4.12,Dim5.1,Dim5.2,Dim5.3,Dim6.1,Dim6.2,NPS,Unnamed: 42,Most_Unsat,Most_Sat,SERVICE
استبانة تجربة المتعامل _ 2025 - ميدان,Customer Experience Survey _ 2025 - Tablet,4,,,,1.0,1,7,1,1,5,5,5,5,5,5,5,5,5,5,5,5,5,5.0,5.0,5.0,5.0,5.0,5.0,5.0,5.0,5.0,5.0,5.0,5.0,5.0,5.0,5.0,5.0,5.0,10.0,,لا شيء,ان الكل متعاون بدون طلب ذلك وايضا السرعة والانجاز,Q326_1
استبانة تجربة المتعامل _ 2025 - ميدان,Customer Experience Survey _ 2025 - Tablet,4,,,,2.0,1,8,4,1,5,5,5,5,4,5,5,5,4,5,5,5,4,5.0,5.0,5.0,5.0,5.0,5.0,5.0,5.0,5.0,5.0,5.0,5.0,5.0,5.0,5.0,5.0,4.0,10.0,,لايوجد,كل شي سريع وخدمة ممتازة من قبل موظفي الاستقبال,Q326_2
استبانة تجربة المتعامل _ 2025 - ميدان,Customer Experience Survey _ 2025 - Tablet,4,,,,2.0,1,8,1,1,5,5,5,5,5,5,5,5,5,5,5,5,5,4.0,4.0,4.0,3.0,4.0,4.0,4.0,4.0,4.0,5.0,5.0,5.0,5.0,5.0,5.0,5.0,5.0,10.0,,لايوجد,اريد ان يكون هناك توثيق للشهادات في الفترة المسائية وذلك للتخفيف عل المتعامل,Q326_2
استبانة تجربة المتعامل _ 2025 - ميدان,Customer Experience Survey _ 2025 - Tablet,4,,,,2.0,1,8,1,1,5,5,5,5,5,5,5,5,5,5,5,5,5,5.0,5.0,5.0,5.0,5.0,5.0,5.0,5.0,5.0,5.0,5.0,5.0,5.0,5.0,5.0,5.0,5.0,10.0,,لايوجد,في كل سنة أزور المركز وآجد كل تقدم وسرعة وإنجاز في مجال توثيق الشهادات واتمنى عمل فكرة توصيل آوراق المعاملات  بالبيت  وذلك لغرض التوقيع لكبار السن,Q326_2
استبانة تجربة المتعامل _ 2025 - ميدان,Customer Experience Survey _ 2025 - Tablet,4,,,,2.0,1,8,1,1,4,4,4,4,4,4,4,4,4,4,4,4,5,5.0,5.0,5.0,5.0,5.0,5.0,5.0,5.0,5.0,5.0,4.0,5.0,5.0,5.0,5.0,5.0,5.0,10.0,,لا يوجد,كل شى مريح بالمكان سواء كراسي آو مكيفات وضيافة وحسن استقبال وسرعة في انجاز المعاملات,Q326_2
استبانة تجربة المتعامل _ 2025 - ميدان,Customer Experience Survey _ 2025 - Tablet,4,,,,2.0,1,8,1,1,5,5,5,5,5,5,5,5,5,5,5,5,4,5.0,5.0,5.0,5.0,5.0,5.0,5.0,5.0,5.0,5.0,5.0,5.0,5.0,5.0,5.0,5.0,5.0,10.0,,لايوجد,الإجراءات تتم بسهولة وسرعة وفقط بانتظار القاضي وهي المرحلة النهائية للمعاملات,Q326_2
استبانة تجربة المتعامل _ 2025 - ميدان,Customer Experience Survey _ 2025 - Tablet,4,,,,3.0,2,5,4,1,1,1,1,1,1,1,1,1,1,1,1,1,1,5.0,5.0,5.0,5.0,5.0,5.0,5.0,5.0,5.0,5.0,5.0,5.0,4.0,4.0,5.0,5.0,5.0,10.0,,Nothing,Every thing is very good and they are helpful,Q326_3
استبانة تجربة المتعامل _ 2025 - ميدان,Customer Experience Survey _ 2025 - Tablet,4,,,,3.0,2,8,1,1,5,5,4,2,4,4,5,4,5,3,5,5,5,5.0,4.0,4.0,4.0,5.0,4.0,4.0,4.0,4.0,4.0,4.0,5.0,5.0,5.0,5.0,4.0,4.0,8.0,,أماكن السيارات بعيدة عن المركز وأخذت وقت في المشي للداخل في الطقس الحار,تعامل الموظفين وحسن استقبال,Q326_3
استبانة تجربة المتعامل _ 2025 - ميدان,Customer Experience Survey _ 2025 - Tablet,4,,,,2.0,1,7,1,1,5,5,5,5,5,5,5,5,5,5,5,5,5,5.0,5.0,5.0,5.0,5.0,5.0,5.0,5.0,5.0,5.0,5.0,5.0,5.0,5.0,4.0,5.0,5.0,10.0,,لايوجد,الابتسامة والتعاون,Q326_2
استبانة تجربة المتعامل _ 2025 - ميدان,Customer Experience Survey _ 2025 - Tablet,4,,,,3.0,2,7,4,1,5,5,5,5,5,5,5,5,5,5,5,5,5,5.0,5.0,5.0,5.0,5.0,5.0,5.0,5.0,5.0,5.0,5.0,5.0,5.0,5.0,5.0,5.0,5.0,8.0,,ان الإجراءات في عمل التوريث للوراثة صعب بعض الشي أيضا عدم الحصول علي مترجم لتوصيل المعلومة من التعامل للقاضي والعكس,ان هناك مساعدة وتعاون منقبلالموظفين,Q326_3
استبانة تجربة المتعامل _ 2025 - ميدان,Customer Experience Survey _ 2025 - Tablet,4,,,,4.0,2,7,3,1,5,5,5,5,5,5,5,5,5,5,5,5,5,5.0,5.0,5.0,5.0,5.0,5.0,5.0,5.0,5.0,5.0,5.0,5.0,5.0,5.0,5.0,4.0,4.0,9.0,,انتظار المرحلة الأخيرة القاضي ياخد وقت أطول من المعاملة كلها,كل شي مريح كوجود جميع المرافق والموظفين ممتازين,Q326_4
استبانة تجربة المتعامل _ 2025 - ميدان,Customer Experience Survey _ 2025 - Tablet,4,,,,2.0,2,7,3,1,4,4,5,4,5,3,5,4,5,5,5,4,5,5.0,5.0,5.0,5.0,4.0,5.0,5.0,3.0,4.0,5.0,5.0,5.0,5.0,5.0,4.0,4.0,4.0,8.0,,لأول مرة الإجراءات يتم تغيرها في تجديد الإقامة الانسانيه حيث كانت في البداية تتم من خلال رسالة من مكان العمل لكن الآن بدون رساله ولابد من النظر والبت في المعاملة من قبل القاضي,التعاون من قبل الموظفين والرحمة من قبل القضاة,Q326_2
استبانة تجربة المتعامل _ 2025 - ميدان,Customer Experience Survey _ 2025 - Tablet,4,,,,1.0,2,8,1,1,5,4,4,4,4,4,4,4,4,4,4,4,4,4.0,4.0,4.0,4.0,4.0,4.0,4.0,4.0,4.0,4.0,4.0,5.0,4.0,4.0,4.0,4.0,4.0,10.0,,لايوجد,الهدوء والسلسة والترحاب,Q326_1
استبانة تجربة المتعامل _ 2025 - ميدان,Customer Experience Survey _ 2025 - Tablet,4,,,,2.0,2,5,3,1,5,5,5,5,5,5,5,5,5,5,5,5,5,5.0,5.0,5.0,5.0,5.0,5.0,5.0,5.0,5.0,5.0,5.0,5.0,5.0,5.0,5.0,5.0,5.0,10.0,,لايوجد,التعاون والشاشة في التعامل,Q326_2
استبانة تجربة المتعامل _ 2025 - ميدان,Customer Experience Survey _ 2025 - Tablet,4,,,,2.0,1,8,3,1,5,5,5,5,5,5,5,5,5,5,5,5,5,5.0,5.0,5.0,5.0,5.0,5.0,5.0,5.0,5.0,5.0,5.0,5.0,5.0,5.0,5.0,5.0,5.0,10.0,,كل شي ممتاز,المعاملة الجيدة,Q326_2
استبانة تجربة المتعامل _ 2025 - ميدان,Customer Experience Survey _ 2025 - Tablet,4,,,,2.0,2,7,3,1,3,4,3,3,4,3,3,3,3,3,5,3,5,4.0,4.0,4.0,4.0,4.0,4.0,4.0,4.0,4.0,4.0,4.0,4.0,4.0,4.0,5.0,4.0,3.0,7.0,,الانتظار بعض الوقت,اللطف في التعاملات,Q326_2
استبانة تجربة المتعامل _ 2025 - ميدان,Customer Experience Survey _ 2025 - Tablet,4,,,,3.0,2,8,1,1,5,5,5,3,5,3,3,3,3,3,3,2,4,3.0,4.0,4.0,4.0,4.0,4.0,3.0,4.0,3.0,5.0,5.0,5.0,4.0,4.0,4.0,4.0,3.0,5.0,,الانتظار الطويل,كل شي تمام والمعاملة جيدة,Q326_3
استبانة تجربة المتعامل _ 2025 - ميدان,Customer Experience Survey _ 2025 - Tablet,4,,,,2.0,2,5,3,1,5,5,5,5,5,4,4,5,5,5,5,5,5,5.0,5.0,5.0,5.0,5.0,5.0,5.0,5.0,4.0,4.0,4.0,4.0,4.0,4.0,4.0,4.0,4.0,9.0,,لايوجد,الخدمة متميزة,Q326_2
استبانة تجربة المتعامل _ 2025 - ميدان,Customer Experience Survey _ 2025 - Tablet,4,,,,1.0,1,5,1,1,5,5,5,5,5,5,5,5,5,5,5,5,5,5.0,5.0,5.0,4.0,5.0,5.0,5.0,5.0,5.0,5.0,5.0,5.0,5.0,5.0,5.0,5.0,5.0,10.0,,الانتظار لبعض الوقت لرؤية القضاة,الاهتمام بالعملاء ومحاولة انجاز طلباتهم,Q326_1
استبانة تجربة المتعامل _ 2025 - ميدان,Customer Experience Survey _ 2025 - Tablet,4,,,,2.0,2,7,1,1,3,4,1,5,5,2,5,3,5,5,5,1,5,5.0,3.0,3.0,4.0,3.0,5.0,3.0,4.0,3.0,5.0,5.0,5.0,5.0,1.0,5.0,3.0,3.0,6.0,,عدم وجود مرونة في التعامل من حيث حيثيات القضايا المتعلقة بالحضانة والتاخير لانتظار القضاة وعدم وجود إرشادات علي الموقع الإلكتروني بمواعيد العمل خاصة اني قادمة من إمارة أخرى وايضا عدم الاهتمام بالشكاوي وعدم فعالينها وبعض الطلبات تكاد تكون تعجيزية وغير معلومة علي الموقع الإلكتروني,اليوم ولا اي شي,Q326_2
استبانة تجربة المتعامل _ 2025 - ميدان,Customer Experience Survey _ 2025 - Tablet,4,,,,1.0,1,7,3,1,5,5,5,5,5,5,5,5,5,5,5,5,5,5.0,5.0,5.0,5.0,5.0,5.0,5.0,5.0,5.0,5.0,5.0,5.0,5.0,5.0,5.0,5.0,5.0,10.0,,لاشيء,كل شي ممتاز وسريع جدا ما اخذت دقائق لانهاء الخدمة,Q326_1
استبانة تجربة المتعامل _ 2025 - ميدان,Customer Experience Survey _ 2025 - Tablet,4,,,,2.0,1,8,1,1,5,5,5,5,5,5,5,5,5,5,5,5,5,5.0,5.0,5.0,5.0,5.0,5.0,5.0,5.0,5.0,4.0,5.0,5.0,5.0,5.0,5.0,5.0,5.0,8.0,,لا شي,السرعة,Q326_2
استبانة تجربة المتعامل _ 2025 - ميدان,Customer Experience Survey _ 2025 - Tablet,4,,,,2.0,1,7,3,3,5,3,4,5,5,3,5,5,5,5,5,4,5,4.0,3.0,3.0,3.0,3.0,3.0,3.0,3.0,3.0,4.0,5.0,5.0,3.0,3.0,3.0,3.0,4.0,9.0,,لابد أن يكون هناك تحديث  للمعاملات خصوصا لو مع الموظف المختص المسؤول عن المعاملة غائب فاضطر للذهاب الي موظف أخرى يعيد المعاملة من الاول فبذلك يتم تعطيل وتأخير المعاملة,الاهتمام برضا العميل,Q326_2
استبانة تجربة المتعامل _ 2025 - ميدان,Customer Experience Survey _ 2025 - Tablet,4,,,,5.0,1,7,1,1,5,5,5,3,5,5,5,5,5,5,5,5,5,5.0,5.0,5.0,5.0,5.0,5.0,5.0,5.0,5.0,5.0,5.0,5.0,5.0,5.0,5.0,5.0,5.0,10.0,,لاشيء,التعامل الجيد والترحاب وإنجاز المعاملات في الوقت المحدد,Q326_5
استبانة تجربة المتعامل _ 2025 - ميدان,Customer Experience Survey _ 2025 - Tablet,4,,,,2.0,2,7,1,1,3,3,4,3,5,3,3,3,3,3,3,3,5,3.0,3.0,3.0,3.0,3.0,2.0,4.0,3.0,3.0,3.0,3.0,3.0,3.0,3.0,3.0,2.0,2.0,5.0,,الرسوم والانتقالات بين الكاونترات وعدم الدقه في توفير المعلومات,لا شي,Q326_2
استبانة تجربة المتعامل _ 2025 - ميدان,Customer Experience Survey _ 2025 - Tablet,4,,,,2.0,1,7,3,3,5,5,5,5,5,4,5,5,5,5,5,5,5,5.0,5.0,5.0,5.0,5.0,5.0,5.0,5.0,5.0,5.0,5.0,5.0,5.0,5.0,5.0,5.0,5.0,10.0,,لا شي,الترحاب والبشاشة,Q326_2
استبانة تجربة المتعامل _ 2025 - ميدان,Customer Experience Survey _ 2025 - Tablet,4,,,,2.0,2,7,3,1,5,5,5,5,5,5,4,5,5,5,5,5,5,5.0,5.0,5.0,5.0,5.0,5.0,5.0,5.0,5.0,5.0,5.0,5.0,5.0,5.0,5.0,5.0,5.0,10.0,,لا شيء,المكان منظم والاستفسار يتم بطريقة سلسة ومريحة,Q326_2
استبانة تجربة المتعامل _ 2025 - ميدان,Customer Experience Survey _ 2025 - Tablet,4,,,,5.0,1,7,3,3,5,5,2,2,5,3,5,5,5,5,5,5,5,5.0,5.0,5.0,5.0,5.0,5.0,5.0,5.0,5.0,5.0,5.0,5.0,5.0,5.0,5.0,4.0,4.0,8.0,,عدم توفر المزيد من مواقف السيارات ومواعيد العمل يفضل وجود موظف من كل قسم في الفترة المسائية,الاستقبال والمعاملة الجيدة,Q326_5
استبانة تجربة المتعامل _ 2025 - ميدان,Customer Experience Survey _ 2025 - Tablet,4,,,,4.0,1,7,3,1,5,4,5,5,5,5,5,5,5,5,5,4,4,3.0,4.0,4.0,4.0,4.0,4.0,4.0,4.0,4.0,4.0,4.0,4.0,4.0,4.0,4.0,4.0,4.0,7.0,,يجب التحديث علي المعلومات من خلال المكالمات الهاتفية او عبر الموقع او من خلال رسائل نصية بشآن الاختام والأشياء الناقصة وخاصة في عقود الزواج,الدقة في المعاملات والترحاب,Q326_4
استبانة تجربة المتعامل _ 2025 - ميدان,Customer Experience Survey _ 2025 - Tablet,4,,,,3.0,1,7,1,1,3,3,5,4,5,3,5,5,5,2,5,1,5,5.0,3.0,3.0,2.0,3.0,4.0,4.0,3.0,3.0,5.0,3.0,3.0,3.0,3.0,3.0,2.0,2.0,0.0,,الانتظار الطويل,لا شيء,Q326_3
استبانة تجربة المتعامل _ 2025 - ميدان,Customer Experience Survey _ 2025 - Tablet,4,,,,2.0,2,8,1,1,3,2,1,2,5,5,3,5,5,5,5,2,5,5.0,2.0,2.0,3.0,5.0,3.0,3.0,5.0,5.0,5.0,3.0,5.0,2.0,5.0,5.0,3.0,3.0,2.0,,الانتظار الطويل,لا شي,Q326_2
استبانة تجربة المتعامل _ 2025 - ميدان,Customer Experience Survey _ 2025 - Tablet,4,,,,2.0,2,8,3,1,4,4,4,4,4,4,4,4,4,5,4,5,4,4.0,4.0,4.0,4.0,4.0,4.0,4.0,4.0,3.0,4.0,4.0,4.0,4.0,4.0,4.0,4.0,3.0,10.0,,لا شيء,التعامل الجيد,Q326_2
استبانة تجربة المتعامل _ 2025 - ميدان,Customer Experience Survey _ 2025 - Tablet,4,,,,2.0,1,7,1,1,5,5,5,5,5,5,5,5,5,5,5,5,5,5.0,5.0,5.0,5.0,5.0,5.0,5.0,5.0,5.0,5.0,5.0,5.0,5.0,5.0,5.0,5.0,5.0,10.0,,لايوجد,الدقه والمرونة ومساعدة العملاء علي إنهاء معاملتهم,Q326_2
استبانة تجربة المتعامل _ 2025 - ميدان,Customer Experience Survey _ 2025 - Tablet,4,,,,2.0,1,7,1,1,5,5,5,5,5,5,5,5,5,5,5,5,5,5.0,5.0,5.0,5.0,5.0,5.0,5.0,5.0,5.0,5.0,5.0,5.0,5.0,5.0,5.0,5.0,5.0,10.0,,لايوجد,هيئة حكومية محترمة تحترم عملائنا,Q326_2
استبانة تجربة المتعامل _ 2025 - ميدان,Customer Experience Survey _ 2025 - Tablet,4,,,,2.0,1,7,3,1,5,5,5,3,4,3,5,5,5,5,5,5,5,4.0,5.0,5.0,4.0,5.0,5.0,4.0,3.0,3.0,4.0,4.0,4.0,5.0,4.0,4.0,4.0,4.0,10.0,,لايوجد سوى مواقف السيارات بعيدة لحدا ما وغير متوفرة بكثرة او مزدحمة بعض الأحيان,المعاملة الجيدة,Q326_2
استبانة تجربة المتعامل _ 2025 - ميدان,Customer Experience Survey _ 2025 - Tablet,4,,,,3.0,1,7,3,1,5,4,5,5,5,5,2,5,5,4,5,2,5,3.0,5.0,5.0,5.0,5.0,5.0,5.0,5.0,3.0,5.0,5.0,5.0,5.0,5.0,5.0,3.0,3.0,8.0,,لاشيء,المكان منظم ومرتب,Q326_3
استبانة تجربة المتعامل _ 2025 - ميدان,Customer Experience Survey _ 2025 - Tablet,4,,,,3.0,1,7,1,1,3,3,3,2,3,3,3,3,4,4,4,3,5,5.0,3.0,3.0,3.0,3.0,4.0,3.0,3.0,3.0,3.0,5.0,5.0,5.0,5.0,5.0,3.0,3.0,7.0,,المبنى قديم ويحتاج ترميم او تغيير,الدقة,Q326_3
استبانة تجربة المتعامل _ 2025 - ميدان,Customer Experience Survey _ 2025 - Tablet,4,,,,2.0,1,7,3,1,5,5,5,5,5,5,5,5,5,5,5,5,5,4.0,3.0,4.0,5.0,5.0,5.0,5.0,5.0,5.0,5.0,5.0,5.0,5.0,5.0,5.0,5.0,5.0,10.0,,لايوجد,يتميز المركز بسهولة الإجراءات وسرعتها,Q326_2
استبانة تجربة المتعامل _ 2025 - ميدان,Customer Experience Survey _ 2025 - Tablet,4,,,,2.0,2,7,3,1,4,5,4,4,4,4,5,5,5,5,5,5,5,5.0,5.0,5.0,5.0,5.0,5.0,5.0,5.0,5.0,5.0,5.0,5.0,5.0,5.0,5.0,5.0,5.0,10.0,,لا شيء,موظفين التوثيق والشهادات يساعدون التعامل جدا ويرحبون ويسعون الي انجاز معاملتهم,Q326_2
استبانة تجربة المتعامل _ 2025 - ميدان,Customer Experience Survey _ 2025 - Tablet,4,,,,2.0,1,7,3,1,4,4,4,5,4,4,4,3,4,4,5,5,5,5.0,5.0,5.0,5.0,5.0,5.0,5.0,5.0,5.0,5.0,5.0,5.0,5.0,5.0,5.0,5.0,5.0,10.0,,لايوجد,انها سريعة ومتجزة,Q326_2
استبانة تجربة المتعامل _ 2025 - ميدان,Customer Experience Survey _ 2025 - Tablet,4,,,,4.0,2,8,4,1,5,5,5,5,5,5,5,5,5,5,5,5,5,5.0,5.0,5.0,5.0,5.0,5.0,5.0,5.0,5.0,5.0,5.0,5.0,5.0,5.0,5.0,5.0,5.0,10.0,,There is nothing annoying me absolutely,Iam very happy to make my marriage Contract here it is so easily and very fast,Q326_4
استبانة تجربة المتعامل _ 2025 - ميدان,Customer Experience Survey _ 2025 - Tablet,4,,,,1.0,1,7,1,3,5,5,1,2,5,5,5,5,5,5,5,5,5,4.0,5.0,5.0,4.0,5.0,5.0,5.0,5.0,5.0,5.0,5.0,5.0,5.0,5.0,5.0,5.0,5.0,10.0,,مواقف السيارات,تعامل الموظفات الراقي وسهولة الاستفسار والاجابة وخاصة الأستاذة منى الحمادى في قسم التصديق في كاتب العدل,Q326_1
استبانة تجربة المتعامل _ 2025 - ميدان,Customer Experience Survey _ 2025 - Tablet,4,,,,1.0,1,8,1,3,5,5,5,4,4,4,4,5,4,4,4,4,4,5.0,5.0,5.0,5.0,5.0,5.0,5.0,5.0,5.0,5.0,5.0,5.0,5.0,5.0,5.0,5.0,5.0,10.0,,لايوجد,أزور المكان كل فترة واسعد بالخدمة والتعاون والسرعة,Q326_1
استبانة تجربة المتعامل _ 2025 - ميدان,Customer Experience Survey _ 2025 - Tablet,4,,,,1.0,1,7,1,1,5,5,5,2,5,4,5,5,5,5,5,5,5,5.0,5.0,5.0,5.0,5.0,5.0,4.0,5.0,5.0,5.0,3.0,3.0,4.0,5.0,5.0,5.0,4.0,10.0,,مواقف السيارات وايضا الرسوم عاليه بعض الشي,التعامل الجيد والسلس,Q326_1
استبانة تجربة المتعامل _ 2025 - ميدان,Customer Experience Survey _ 2025 - Tablet,4,,,,1.0,1,7,1,1,5,5,5,1,5,5,5,4,5,5,5,4,5,5.0,5.0,5.0,5.0,5.0,5.0,5.0,5.0,4.0,5.0,2.0,2.0,5.0,4.0,5.0,4.0,4.0,9.0,,الرسوم ومواقف السيارات,موظفي التصديق بالعدلية جدا محترمين ومتعاونين,Q326_1
استبانة تجربة المتعامل _ 2025 - ميدان,Customer Experience Survey _ 2025 - Tablet,4,,,,3.0,1,7,3,3,5,5,5,2,5,5,5,5,4,4,5,5,5,5.0,4.0,4.0,5.0,4.0,5.0,5.0,5.0,5.0,5.0,4.0,4.0,5.0,5.0,5.0,4.0,5.0,9.0,,فقط مواقف السيارات واتمنى هناك مظلات بسبب الانتظار لفترات طويلة بالمركز,كل الأقسام متعاونين للغاية,Q326_3
استبانة تجربة المتعامل _ 2025 - ميدان,Customer Experience Survey _ 2025 - Tablet,4,,,,3.0,1,7,3,1,5,5,3,1,5,5,4,4,4,4,5,2,5,5.0,5.0,5.0,5.0,3.0,5.0,5.0,5.0,5.0,5.0,5.0,5.0,4.0,5.0,5.0,5.0,5.0,8.0,,الانتظار ومواقف السياراتوان يكون هناك مظلات للسيارات,المكان مريح ومساحة معقولة,Q326_3
استبانة تجربة المتعامل _ 2025 - ميدان,Customer Experience Survey _ 2025 - Tablet,4,,,,3.0,1,7,3,1,5,5,5,5,5,5,5,5,5,1,5,1,5,5.0,5.0,5.0,5.0,5.0,4.0,4.0,4.0,4.0,4.0,3.0,3.0,5.0,5.0,5.0,5.0,5.0,8.0,,اتمنى تحديث وتكبير المكان وايضا مواقف السيارات تكون أقرب وبها مظلات,الموظفين متعاونين,Q326_3
استبانة تجربة المتعامل _ 2025 - ميدان,Customer Experience Survey _ 2025 - Tablet,4,,,,2.0,2,7,1,1,3,3,5,3,5,5,2,4,4,4,4,2,4,3.0,3.0,3.0,3.0,2.0,2.0,2.0,3.0,3.0,5.0,4.0,4.0,4.0,3.0,3.0,3.0,4.0,5.0,,اولا تعقيد الإجراءات رغم تكرار المعاملة سنويا وفي كل مرة يطلبون نفس المستندات علي الرغم من توفرها علي النظام ثانيا عدم التركيز من قبل الموظفه وتركيبها علي هاتفها,لا شيء,Q326_2
استبانة تجربة المتعامل _ 2025 - ميدان,Customer Experience Survey _ 2025 - Tablet,4,,,,2.0,2,7,3,1,5,5,5,2,4,5,4,5,5,4,4,4,4,5.0,4.0,4.0,4.0,4.0,4.0,4.0,5.0,5.0,4.0,4.0,4.0,5.0,5.0,5.0,5.0,5.0,9.0,,المكيفات شديدة علي المراجعين وازدحام مواقف السيارات,الضيافة,Q326_2
استبانة تجربة المتعامل _ 2025 - ميدان,Customer Experience Survey _ 2025 - Tablet,4,,,,2.0,1,7,3,1,5,5,5,5,5,5,5,5,5,5,5,2,5,4.0,5.0,5.0,5.0,2.0,3.0,4.0,4.0,3.0,5.0,1.0,4.0,4.0,5.0,5.0,3.0,4.0,7.0,,مواقف السيارات مزدحمة والانتظار حيث أن هناك قاضي  واحد في المركز لكل الاقسام,تعامل الموظفين الجيد,Q326_2
استبانة تجربة المتعامل _ 2025 - ميدان,Customer Experience Survey _ 2025 - Tablet,4,,,,2.0,2,7,3,1,4,4,4,2,4,4,4,4,4,4,5,1,5,5.0,5.0,5.0,5.0,1.0,3.0,3.0,4.0,4.0,5.0,1.0,4.0,5.0,4.0,5.0,3.0,3.0,7.0,,الانتظار وتعقيد بعض الطلبات والمستندات وعدم المرونة في ذلك وزيادة الرسوم للضعف,تعاون الموظفين والعمل علي انجاز معاملتنا,Q326_2
استبانة تجربة المتعامل _ 2025 - ميدان,Customer Experience Survey _ 2025 - Tablet,4,,,,3.0,2,7,1,1,1,2,4,2,5,5,3,5,5,5,5,3,5,5.0,3.0,3.0,3.0,4.0,2.0,3.0,3.0,3.0,4.0,4.0,4.0,3.0,4.0,3.0,3.0,3.0,5.0,,عدم تحديث البيانات والمعلومات حيث كل مرة اتفاجى بأشياء جديدة غير معلنة سواء علي الموقع الإلكتروني او من خلال التواصل الاجتماعي او الرسائل  وغيرها وايضا يرجى وضع مظلات لمواقف السيارات كافة,لا شئ للأسف لان معاملتى لم تنجز وتم تحويلي لمكتب طباعه وهو إجراء جديد وغير متعارف عليا من قبلي,Q326_3
استبانة تجربة المتعامل _ 2025 - ميدان,Customer Experience Survey _ 2025 - Tablet,4,,,,5.0,1,7,1,3,5,5,5,4,5,4,5,5,4,5,5,5,5,5.0,5.0,5.0,5.0,5.0,5.0,5.0,4.0,5.0,5.0,5.0,5.0,5.0,5.0,5.0,5.0,5.0,9.0,,لاشيء سواء ان المبنى قديم ويحتاج اني يكون مثل باقي الهيئات الحكومية المجددة بالامارة,التعامل الراقي وسرعة الانجاز,Q326_5
استبانة تجربة المتعامل _ 2025 - ميدان,Customer Experience Survey _ 2025 - Tablet,4,,,,3.0,1,8,1,1,5,5,5,2,5,5,3,4,4,3,5,5,5,5.0,4.0,4.0,4.0,4.0,4.0,4.0,4.0,4.0,4.0,4.0,4.0,4.0,4.0,4.0,4.0,4.0,8.0,,ان يكون مكتب الطباعة له مكان داخل المركز تجنب للمسافات التي يقطعها المتعامل من مكتب الطباعة  والي المركز,التعامل الجيد,Q326_3
استبانة تجربة المتعامل _ 2025 - ميدان,Customer Experience Survey _ 2025 - Tablet,4,,,,2.0,1,7,1,1,5,5,4,4,5,5,5,5,5,5,5,2,5,5.0,5.0,5.0,5.0,3.0,3.0,4.0,4.0,3.0,5.0,4.0,4.0,4.0,4.0,4.0,4.0,4.0,8.0,,الانتظار ومتطلبات كثيرة للحصول علي الشهادة,الاستقبال وطريقة التواصل جيدين,Q326_2
استبانة تجربة المتعامل _ 2025 - ميدان,Customer Experience Survey _ 2025 - Tablet,4,,,,3.0,1,5,1,1,4,3,4,2,4,4,4,4,5,5,5,5,5,5.0,5.0,5.0,5.0,5.0,5.0,5.0,5.0,5.0,5.0,3.0,5.0,4.0,4.0,4.0,4.0,4.0,10.0,,.,.,Q326_3
استبانة تجربة المتعامل _ 2025 - ميدان,Customer Experience Survey _ 2025 - Tablet,4,,,,3.0,2,7,1,1,5,5,3,4,4,3,4,4,4,5,4,4,4,5.0,4.0,4.0,4.0,4.0,5.0,5.0,4.0,5.0,5.0,5.0,5.0,4.0,4.0,4.0,5.0,5.0,7.0,,يرجى توفير بعض الخدمات خاصه في قسم التركات بحيث تكون اون لاين للتسهيل على المتعامل,تعامل الموظفين,Q326_3
استبانة تجربة المتعامل _ 2025 - ميدان,Customer Experience Survey _ 2025 - Tablet,4,,,,2.0,2,5,3,1,5,5,5,5,5,5,5,5,5,5,5,5,5,5.0,5.0,5.0,5.0,5.0,5.0,5.0,5.0,5.0,5.0,5.0,5.0,5.0,5.0,5.0,5.0,5.0,10.0,,لايوجد,كل شي جزاهم  الله خير,Q326_2
استبانة تجربة المتعامل _ 2025 - ميدان,Customer Experience Survey _ 2025 - Tablet,4,,,,1.0,1,7,3,1,4,3,5,3,4,3,4,5,5,5,5,5,5,5.0,5.0,5.0,5.0,5.0,5.0,5.0,4.0,5.0,5.0,5.0,5.0,5.0,5.0,5.0,5.0,5.0,10.0,,تطلب أمر تغيير رقم الهاتف لمعامله معينه وقت طويل اكثر من اسبوع (معامله وكالة),التعامل بشكل عام,Q326_1
استبانة تجربة المتعامل _ 2025 - ميدان,Customer Experience Survey _ 2025 - Tablet,4,,,,2.0,2,5,3,1,5,5,4,4,4,4,4,4,4,4,4,4,4,5.0,5.0,5.0,5.0,5.0,5.0,5.0,5.0,5.0,5.0,5.0,5.0,4.0,4.0,5.0,5.0,5.0,10.0,,لايوجد,تعامل الموظفين,Q326_2
استبانة تجربة المتعامل _ 2025 - ميدان,Customer Experience Survey _ 2025 - Tablet,4,,,,2.0,2,5,3,1,4,4,4,4,4,4,4,4,5,4,4,4,4,4.0,4.0,4.0,4.0,4.0,4.0,4.0,5.0,4.0,4.0,2.0,5.0,4.0,4.0,4.0,5.0,3.0,10.0,,يرجى تخفيض الرسوم او تكون رسوم ميسرة  خاصه تكلفه طلب الاسترحام في المحاكم بشكل عام ،  في حال احد رفع دعوة اقوم انا بدفع رسوم كامدعى عليه لماذا أدفع,تعاملهم,Q326_2
استبانة تجربة المتعامل _ 2025 - ميدان,Customer Experience Survey _ 2025 - Tablet,4,,,,1.0,1,7,1,1,5,5,5,5,5,5,5,4,5,4,4,5,5,5.0,5.0,5.0,5.0,5.0,5.0,5.0,5.0,5.0,5.0,5.0,5.0,5.0,5.0,4.0,5.0,5.0,10.0,,لايوجد,سرعه الانجاز والتعامل,Q326_1
استبانة تجربة المتعامل _ 2025 - ميدان,Customer Experience Survey _ 2025 - Tablet,4,,,,2.0,1,7,3,1,4,3,3,3,5,3,5,5,5,5,5,5,4,5.0,5.0,4.0,4.0,4.0,4.0,4.0,4.0,4.0,4.0,4.0,5.0,4.0,4.0,4.0,4.0,5.0,9.0,,،,تعامل الموظف و سرعه المساعده,Q326_2
استبانة تجربة المتعامل _ 2025 - ميدان,Customer Experience Survey _ 2025 - Tablet,4,,,,2.0,2,5,1,1,4,4,4,4,4,3,4,4,5,4,4,4,4,5.0,5.0,4.0,4.0,4.0,4.0,4.0,5.0,5.0,5.0,4.0,5.0,4.0,4.0,5.0,4.0,5.0,10.0,,عدم السماح للدخول للباركنات الداخليه بالسياره فقط للنزول خاصه انني مريضه,بارك الله فيكم,Q326_2
استبانة تجربة المتعامل _ 2025 - ميدان,Customer Experience Survey _ 2025 - Tablet,4,,,,1.0,2,7,3,1,5,5,5,5,5,5,5,5,5,5,5,4,4,5.0,5.0,5.0,5.0,5.0,5.0,5.0,5.0,5.0,5.0,5.0,5.0,5.0,5.0,5.0,5.0,5.0,10.0,,لاشي,الاستقبال والمعامله,Q326_1
استبانة تجربة المتعامل _ 2025 - ميدان,Customer Experience Survey _ 2025 - Tablet,4,,,,1.0,1,7,3,1,4,3,5,4,5,3,5,4,5,5,5,5,5,5.0,4.0,5.0,5.0,5.0,5.0,4.0,5.0,5.0,5.0,4.0,5.0,5.0,5.0,5.0,5.0,5.0,10.0,,لايوجد,لطف الموظفيين,Q326_1
استبانة تجربة المتعامل _ 2025 - ميدان,Customer Experience Survey _ 2025 - Tablet,4,,,,2.0,1,7,3,1,4,4,5,4,4,4,5,5,5,4,4,4,4,5.0,5.0,5.0,5.0,5.0,5.0,5.0,5.0,5.0,5.0,3.0,5.0,4.0,4.0,4.0,3.0,4.0,9.0,,السماح بالحصول على ورقه عدم عمل مع العلم انه اقامتي حروب وكوارث لكن بالهوية مذكورة مهنه بشكل شكلي حيث انني لا أعمل وأحتاج الورقه للتقديم للجمعيات الخيريه بسبب وضعي,تعامل الموظفيين,Q326_2
استبانة تجربة المتعامل _ 2025 - ميدان,Customer Experience Survey _ 2025 - Tablet,4,,,,1.0,2,7,3,1,4,4,4,4,4,3,4,4,4,4,4,4,4,4.0,4.0,4.0,4.0,4.0,4.0,4.0,4.0,4.0,4.0,4.0,5.0,3.0,4.0,4.0,4.0,4.0,9.0,,.,.,Q326_1
استبانة تجربة المتعامل _ 2025 - ميدان,Customer Experience Survey _ 2025 - Tablet,4,,,,2.0,2,8,1,1,4,4,5,5,5,5,5,5,5,5,5,5,5,5.0,5.0,5.0,5.0,5.0,3.0,3.0,5.0,5.0,5.0,5.0,5.0,4.0,3.0,4.0,4.0,5.0,9.0,,تسهيل بعض المتطلبات التي يصعب توفيرها كا معاملات إثبات سكن  وبعض الرسوم تكون عاليه لبعض الأشخاصحسب وضعهم المادي  يرجى النظر فيها للتيسير,التعامل جيد,Q326_2
استبانة تجربة المتعامل _ 2025 - ميدان,Customer Experience Survey _ 2025 - Tablet,4,,,,3.0,1,8,1,1,4,4,5,3,4,3,4,4,5,4,5,5,4,5.0,5.0,5.0,5.0,2.0,4.0,3.0,3.0,4.0,5.0,3.0,5.0,5.0,5.0,5.0,4.0,2.0,8.0,,طلب أوراق يمكن الاستغناء عنها,،,Q326_3
استبانة تجربة المتعامل _ 2025 - ميدان,Customer Experience Survey _ 2025 - Tablet,4,,,,4.0,2,7,4,1,4,4,4,4,4,4,4,4,4,4,4,4,4,5.0,5.0,5.0,5.0,5.0,5.0,5.0,5.0,5.0,5.0,5.0,5.0,5.0,5.0,5.0,5.0,5.0,10.0,,Nothing,Thierry services and kindness approach,Q326_4
استبانة تجربة المتعامل _ 2025 - ميدان,Customer Experience Survey _ 2025 - Tablet,4,,,,4.0,1,7,4,1,3,3,3,3,3,4,4,4,4,4,4,4,4,4.0,4.0,4.0,4.0,4.0,3.0,4.0,4.0,4.0,4.0,4.0,4.0,4.0,4.0,4.0,4.0,5.0,10.0,,",",.,Q326_4
استبانة تجربة المتعامل _ 2025 - ميدان,Customer Experience Survey _ 2025 - Tablet,4,,,,4.0,2,7,4,1,3,4,5,5,5,5,5,5,5,5,5,5,5,5.0,5.0,5.0,5.0,5.0,5.0,5.0,5.0,5.0,5.0,5.0,5.0,5.0,5.0,5.0,5.0,5.0,10.0,,NOTHING,.,Q326_4
استبانة تجربة المتعامل _ 2025 - ميدان,Customer Experience Survey _ 2025 - Tablet,4,,,,1.0,2,5,3,1,3,3,3,5,5,5,5,5,5,5,5,5,4,4.0,4.0,4.0,4.0,4.0,4.0,4.0,4.0,4.0,4.0,4.0,4.0,4.0,4.0,4.0,4.0,4.0,8.0,,لاشي,تعامل الموظفات,Q326_1
استبانة تجربة المتعامل _ 2025 - ميدان,Customer Experience Survey _ 2025 - Tablet,4,,,,3.0,1,5,1,1,3,4,3,2,4,3,4,3,5,2,4,1,4,4.0,4.0,4.0,4.0,3.0,4.0,4.0,4.0,1.0,4.0,4.0,3.0,4.0,3.0,3.0,2.0,3.0,3.0,,الانتظار,الجو بارد,Q326_3
استبانة تجربة المتعامل _ 2025 - ميدان,Customer Experience Survey _ 2025 - Tablet,4,,,,2.0,1,7,4,1,3,2,5,5,5,3,4,3,5,5,5,4,5,5.0,4.0,4.0,4.0,4.0,3.0,3.0,4.0,4.0,4.0,4.0,5.0,3.0,3.0,3.0,4.0,5.0,10.0,,It was hard because the agents on WhatsApp only spoke arabicbut I was able to use friends to communicate,I was able to ask questions over whatsapp,Q326_2
استبانة تجربة المتعامل _ 2025 - ميدان,Customer Experience Survey _ 2025 - Tablet,4,,,,1.0,1,7,1,1,4,4,5,4,4,4,4,4,5,4,4,4,4,4.0,4.0,4.0,4.0,4.0,4.0,4.0,4.0,4.0,4.0,4.0,5.0,4.0,4.0,4.0,4.0,5.0,10.0,,الباركنات فيها مشكله مزدحمه,تعامل بشكل عام وسرعه في الانجاز,Q326_1
استبانة تجربة المتعامل _ 2025 - ميدان,Customer Experience Survey _ 2025 - Tablet,4,,,,2.0,2,7,1,3,4,4,4,1,4,2,3,3,5,4,2,4,4,5.0,5.0,5.0,5.0,4.0,4.0,4.0,3.0,3.0,5.0,5.0,5.0,4.0,4.0,4.0,4.0,4.0,7.0,,عدم توفر الخدمه اون لاين ( طلب شهاده عدم زواج).. الباركنات بعيده ومتعبه ، الوقت الطويل أثناء انتظار القاضي ، يرجى توفير شفت مسائي,تعامل الموظفات، توفر خدمه واتس اب,Q326_2
استبانة تجربة المتعامل _ 2025 - ميدان,Customer Experience Survey _ 2025 - Tablet,4,,,,4.0,1,5,1,1,4,4,4,1,4,3,3,4,5,4,3,5,4,5.0,5.0,5.0,5.0,5.0,5.0,5.0,5.0,5.0,5.0,5.0,5.0,5.0,5.0,5.0,5.0,5.0,10.0,,الباركنات صعبه,تعامل الموظفين,Q326_4
استبانة تجربة المتعامل _ 2025 - ميدان,Customer Experience Survey _ 2025 - Tablet,4,,,,1.0,2,7,1,1,5,5,5,1,4,4,4,4,4,4,4,4,4,4.0,4.0,4.0,4.0,4.0,4.0,4.0,4.0,4.0,4.0,4.0,4.0,4.0,4.0,4.0,4.0,4.0,9.0,,الباركنات,تعامل الموظفين، يرجى توفير شفت مسائي,Q326_1
استبانة تجربة المتعامل _ 2025 - ميدان,Customer Experience Survey _ 2025 - Tablet,4,,,,1.0,2,7,3,1,3,4,4,4,4,4,4,4,4,4,4,4,4,4.0,4.0,4.0,4.0,5.0,4.0,4.0,4.0,4.0,4.0,4.0,4.0,4.0,4.0,4.0,5.0,4.0,10.0,,لايوجد جزاهم الله خير,تعامل الموظفيين,Q326_1
استبانة تجربة المتعامل _ 2025 - ميدان,Customer Experience Survey _ 2025 - Tablet,4,,,,1.0,1,5,3,1,4,4,4,4,4,4,4,4,4,4,4,4,4,4.0,4.0,4.0,4.0,4.0,4.0,4.0,4.0,4.0,4.0,4.0,4.0,4.0,4.0,4.0,4.0,4.0,10.0,,لايوجد,تعاملهم بشكل عام,Q326_1
استبانة تجربة المتعامل _ 2025 - ميدان,Customer Experience Survey _ 2025 - Tablet,4,,,,3.0,1,7,3,3,4,4,4,3,5,4,5,4,5,5,4,4,5,5.0,4.0,5.0,5.0,4.0,3.0,4.0,4.0,4.0,5.0,3.0,4.0,4.0,4.0,5.0,5.0,5.0,9.0,,لا شئ,قسم الكاتب العدل,Q326_3
استبانة تجربة المتعامل _ 2025 - ميدان,Customer Experience Survey _ 2025 - Tablet,4,,,,1.0,2,7,3,1,4,4,4,4,4,4,4,4,4,4,4,4,4,4.0,4.0,4.0,4.0,4.0,4.0,4.0,4.0,4.0,4.0,4.0,4.0,4.0,4.0,4.0,5.0,4.0,10.0,,لايوجد,الموظفيين,Q326_1
استبانة تجربة المتعامل _ 2025 - ميدان,Customer Experience Survey _ 2025 - Tablet,4,,,,2.0,1,5,1,1,4,4,4,4,4,3,5,4,4,5,5,5,4,5.0,4.0,4.0,4.0,4.0,4.0,4.0,4.0,4.0,4.0,4.0,4.0,4.0,4.0,4.0,4.0,4.0,10.0,,لايوجد,التعامل طيب,Q326_2
استبانة تجربة المتعامل _ 2025 - ميدان,Customer Experience Survey _ 2025 - Tablet,4,,,,2.0,2,5,3,1,4,4,4,4,4,4,4,4,4,4,4,4,4,4.0,4.0,4.0,4.0,4.0,4.0,4.0,4.0,4.0,4.0,4.0,4.0,4.0,4.0,4.0,4.0,4.0,10.0,,لايوجد,التعامل,Q326_2
استبانة تجربة المتعامل _ 2025 - ميدان,Customer Experience Survey _ 2025 - Tablet,4,,,,3.0,1,5,1,1,2,4,3,1,4,3,4,3,4,4,4,3,3,4.0,2.0,3.0,1.0,1.0,5.0,3.0,1.0,1.0,4.0,1.0,2.0,2.0,1.0,3.0,1.0,1.0,5.0,,لاشي,استماع لي أراء الناس وتعديل السلبيات,Q326_3
استبانة تجربة المتعامل _ 2025 - ميدان,Customer Experience Survey _ 2025 - Tablet,4,,,,3.0,1,7,1,1,4,4,4,1,4,3,4,3,5,3,4,1,3,4.0,3.0,3.0,3.0,2.0,2.0,3.0,3.0,3.0,5.0,1.0,4.0,4.0,3.0,3.0,3.0,3.0,8.0,,الرسوم مبالغ فيها تقرير طبي ??? درهم. الإجراءات معقده بعض الشي في قسم المواريث، عدم توفر مصلى,تعاملهم,Q326_3
استبانة تجربة المتعامل _ 2025 - ميدان,Customer Experience Survey _ 2025 - Tablet,4,,,,4.0,1,5,1,1,4,4,5,2,5,4,5,3,4,4,4,4,4,5.0,4.0,4.0,5.0,5.0,4.0,4.0,4.0,4.0,5.0,4.0,5.0,3.0,4.0,4.0,4.0,4.0,9.0,,لايوجد بارك الله فيكم,تعامل الموظفيين,Q326_4
استبانة تجربة المتعامل _ 2025 - ميدان,Customer Experience Survey _ 2025 - Tablet,4,,,,3.0,2,5,1,1,5,5,4,4,4,3,5,4,5,4,5,5,3,4.0,4.0,4.0,4.0,4.0,4.0,4.0,4.0,4.0,4.0,1.0,1.0,4.0,3.0,4.0,4.0,4.0,9.0,,انطالب بتقليل الرسوم ، باركنات صعبه ،تحديث مكينات الدفع,تعامل الموظفين,Q326_3
استبانة تجربة المتعامل _ 2025 - ميدان,Customer Experience Survey _ 2025 - Tablet,4,,,,2.0,2,5,1,1,4,4,4,4,4,4,4,4,4,4,4,4,4,4.0,4.0,4.0,4.0,4.0,4.0,4.0,4.0,4.0,4.0,3.0,4.0,4.0,4.0,4.0,4.0,4.0,8.0,,لايوجد,،,Q326_2
استبانة تجربة المتعامل _ 2025 - ميدان,Customer Experience Survey _ 2025 - Tablet,4,,,,2.0,2,5,1,1,4,4,4,4,4,4,4,4,4,4,4,4,4,5.0,4.0,4.0,5.0,4.0,3.0,4.0,4.0,5.0,5.0,3.0,3.0,3.0,4.0,4.0,4.0,4.0,7.0,,،,،,Q326_2
استبانة تجربة المتعامل _ 2025 - ميدان,Customer Experience Survey _ 2025 - Tablet,4,,,,1.0,1,7,3,1,4,5,5,5,5,5,5,5,5,5,5,5,5,5.0,5.0,5.0,5.0,5.0,5.0,5.0,5.0,5.0,5.0,5.0,5.0,5.0,5.0,5.0,5.0,5.0,10.0,,لا شي,سرعة الاستجابة و الانجاز,Q326_1
استبانة تجربة المتعامل _ 2025 - ميدان,Customer Experience Survey _ 2025 - Tablet,4,,,,2.0,2,7,1,1,4,4,4,3,5,4,5,4,5,5,3,4,4,5.0,3.0,4.0,4.0,3.0,2.0,4.0,3.0,3.0,5.0,3.0,5.0,5.0,5.0,5.0,4.0,4.0,7.0,,.,.,Q326_2
استبانة تجربة المتعامل _ 2025 - ميدان,Customer Experience Survey _ 2025 - Tablet,4,,,,2.0,2,5,1,1,4,4,3,4,4,4,4,3,5,4,4,2,4,4.0,4.0,4.0,4.0,3.0,3.0,3.0,3.0,3.0,5.0,2.0,5.0,4.0,4.0,4.0,4.0,4.0,9.0,,الرسوم.  والانتظار اثناء اجراء الخدمة  ، والباركنات,،,Q326_2
استبانة تجربة المتعامل _ 2025 - ميدان,Customer Experience Survey _ 2025 - Tablet,4,,,,2.0,2,5,3,1,4,4,3,3,2,4,5,4,4,4,5,1,4,4.0,5.0,4.0,5.0,5.0,5.0,5.0,5.0,4.0,4.0,2.0,3.0,4.0,5.0,4.0,5.0,4.0,5.0,,و لا شيء,كل شي تمام,Q326_2
استبانة تجربة المتعامل _ 2025 - ميدان,Customer Experience Survey _ 2025 - Tablet,4,,,,1.0,1,7,3,1,5,4,5,4,5,4,5,4,5,5,5,5,5,5.0,5.0,5.0,5.0,4.0,3.0,3.0,3.0,3.0,5.0,3.0,5.0,5.0,5.0,5.0,5.0,5.0,10.0,,لايوجد. لكن لاتوجد خدمه شحن الاجهزة,كل شي ممتاز,Q326_1
استبانة تجربة المتعامل _ 2025 - ميدان,Customer Experience Survey _ 2025 - Tablet,4,,,,3.0,2,7,1,1,4,4,4,4,4,4,4,4,4,4,4,4,4,4.0,4.0,4.0,4.0,4.0,4.0,4.0,4.0,4.0,4.0,1.0,4.0,4.0,4.0,4.0,4.0,4.0,9.0,,تخفيض نسبه رسوم مطالبة الحقوق ، تحديد نسبه رسوم المحامى ضبط الموضوع ، تعديل بعض قوانين الحقوق حيث بعضها تسقط بمرور الوقت وهذا يضيع الحقوق، توفير قضاة تركات حيث عددهم قليل ،,،,Q326_3
استبانة تجربة المتعامل _ 2025 - ميدان,Customer Experience Survey _ 2025 - Tablet,4,,,,2.0,2,5,1,1,4,4,4,4,4,3,4,4,4,4,4,4,4,4.0,4.0,4.0,4.0,4.0,4.0,4.0,4.0,4.0,4.0,1.0,1.0,4.0,4.0,4.0,4.0,4.0,8.0,,الباركنات ، الرسوم مبالغ فيها,تعاملهم,Q326_2
استبانة تجربة المتعامل _ 2025 - ميدان,Customer Experience Survey _ 2025 - Tablet,4,,,,2.0,1,5,1,1,4,4,5,2,5,3,5,4,5,4,4,3,3,5.0,4.0,4.0,4.0,4.0,4.0,4.0,3.0,4.0,4.0,4.0,4.0,4.0,4.0,4.0,4.0,4.0,9.0,,باركنات,،,Q326_2
استبانة تجربة المتعامل _ 2025 - ميدان,Customer Experience Survey _ 2025 - Tablet,4,,,,4.0,1,7,1,1,5,5,5,5,5,3,4,4,5,4,4,4,4,4.0,4.0,4.0,4.0,4.0,4.0,4.0,4.0,4.0,4.0,4.0,3.0,4.0,4.0,4.0,5.0,5.0,10.0,,لايوجد,تعامل الموظفيين والسرعه في الانجاز,Q326_4
استبانة تجربة المتعامل _ 2025 - ميدان,Customer Experience Survey _ 2025 - Tablet,4,,,,2.0,1,5,1,1,4,4,4,4,4,4,5,4,5,4,4,2,4,4.0,4.0,4.0,4.0,4.0,4.0,4.0,4.0,4.0,4.0,4.0,4.0,4.0,4.0,4.0,4.0,4.0,9.0,,لايوجد,تعامل الموظفات,Q326_2
استبانة تجربة المتعامل _ 2025 - ميدان,Customer Experience Survey _ 2025 - Tablet,4,,,,2.0,2,5,3,1,4,4,4,4,4,4,4,4,4,4,4,3,3,4.0,4.0,4.0,4.0,4.0,4.0,4.0,4.0,4.0,4.0,4.0,4.0,4.0,4.0,4.0,4.0,4.0,8.0,,.,.,Q326_2
استبانة تجربة المتعامل _ 2025 - ميدان,Customer Experience Survey _ 2025 - Tablet,4,,,,2.0,2,5,1,1,4,4,4,4,4,4,4,4,4,4,4,5,4,5.0,5.0,5.0,5.0,5.0,4.0,4.0,5.0,5.0,5.0,5.0,5.0,4.0,4.0,4.0,4.0,4.0,8.0,,لايوجد,تعامل الموظفيين,Q326_2
استبانة تجربة المتعامل _ 2025 - ميدان,Customer Experience Survey _ 2025 - Tablet,4,,,,3.0,2,5,1,1,3,3,5,4,4,3,5,5,5,5,5,5,5,5.0,5.0,5.0,5.0,1.0,5.0,5.0,5.0,5.0,5.0,4.0,5.0,5.0,5.0,5.0,1.0,1.0,8.0,,تعقيد معاملات حصر الإرث،  اختلاف المتطلبات بين إمارة وامارة بين راس الخيمه وابوظبي ، طلب القاضي لمستتدات معينه وعند توفيرها لا تستخدم او يطلب غيرها ، تسهيل الأمور للأرامل والايتام في إجراءات التركه خاصه عندما تحدث اكثر من وفاة فا تتعقد الأمور وتدخل ناس جديده في الإرث مما يزيد الأمر تعقيد وصعوبه,تعامل الموظفيين,Q326_3
استبانة تجربة المتعامل _ 2025 - ميدان,Customer Experience Survey _ 2025 - Tablet,4,,,,2.0,2,7,4,1,5,5,5,5,5,5,5,5,5,5,5,5,5,5.0,5.0,5.0,5.0,5.0,5.0,5.0,5.0,5.0,5.0,5.0,5.0,5.0,5.0,5.0,5.0,5.0,10.0,,Nothing wrong happened,Everything is good and quick,Q326_2
استبانة تجربة المتعامل _ 2025 - ميدان,Customer Experience Survey _ 2025 - Tablet,4,,,,4.0,2,8,1,1,5,5,5,1,5,5,4,5,5,5,5,2,5,5.0,5.0,4.0,5.0,3.0,5.0,5.0,5.0,5.0,5.0,5.0,5.0,5.0,5.0,5.0,4.0,3.0,9.0,,مواقف السيارات بعيدة ومزدحمة,المعاملة طيبة والموظفات لديهم إيجابية,Q326_4
استبانة تجربة المتعامل _ 2025 - ميدان,Customer Experience Survey _ 2025 - Tablet,4,,,,2.0,1,5,1,1,5,5,5,2,5,4,4,3,5,4,5,4,5,4.0,4.0,4.0,4.0,4.0,4.0,4.0,4.0,4.0,4.0,4.0,4.0,5.0,4.0,4.0,4.0,4.0,9.0,,مواقف السيارات مزدحم وأرجو إيجاد مواقف أخرى تكون أقرب للمركز,الاهتمام براحة العميل,Q326_2
استبانة تجربة المتعامل _ 2025 - ميدان,Customer Experience Survey _ 2025 - Tablet,4,,,,4.0,1,5,1,1,4,4,4,4,4,4,4,4,4,4,4,4,4,4.0,4.0,4.0,4.0,4.0,4.0,2.0,3.0,3.0,5.0,4.0,5.0,4.0,4.0,4.0,5.0,5.0,10.0,,طلب خلاصه القيد في عقود الزواج ليس لها حاجه يرجى العمل على إلغاء الطلب، الباركنات الداخليه والخارجيه مزدحمه,تعامل الموظفيين,Q326_4
استبانة تجربة المتعامل _ 2025 - ميدان,Customer Experience Survey _ 2025 - Tablet,4,,,,2.0,1,8,3,1,5,5,5,5,5,5,5,5,5,5,5,5,5,5.0,5.0,5.0,5.0,5.0,5.0,5.0,5.0,5.0,5.0,5.0,5.0,5.0,5.0,5.0,5.0,5.0,10.0,,لايوجد,أزور المركز كثيرا واسعد بإنجاز المعاملات سريعا,Q326_2
استبانة تجربة المتعامل _ 2025 - ميدان,Customer Experience Survey _ 2025 - Tablet,4,,,,4.0,1,7,3,3,4,4,4,4,4,4,4,4,4,4,3,3,4,4.0,4.0,4.0,4.0,4.0,4.0,4.0,4.0,4.0,4.0,4.0,4.0,4.0,4.0,4.0,4.0,4.0,8.0,,Waiting time,Issue solving,Q326_4
استبانة تجربة المتعامل _ 2025 - ميدان,Customer Experience Survey _ 2025 - Tablet,4,,,,4.0,2,5,5,1,4,4,4,4,4,4,4,4,4,4,4,3,4,4.0,3.0,4.0,5.0,4.0,5.0,4.0,4.0,3.0,3.0,3.0,4.0,4.0,4.0,4.0,4.0,4.0,7.0,,Not concerned,Not concerned,Q326_4
استبانة تجربة المتعامل _ 2025 - ميدان,Customer Experience Survey _ 2025 - Tablet,4,,,,3.0,1,7,1,1,5,5,3,5,5,5,4,5,3,5,5,5,5,5.0,5.0,5.0,4.0,5.0,5.0,4.0,5.0,5.0,5.0,5.0,5.0,5.0,5.0,5.0,5.0,5.0,10.0,,لا يوجد,المساعدة والانجاز,Q326_3
استبانة تجربة المتعامل _ 2025 - ميدان,Customer Experience Survey _ 2025 - Tablet,4,,,,2.0,1,7,1,1,4,4,4,4,4,4,4,4,5,4,5,3,5,5.0,4.0,5.0,5.0,5.0,4.0,5.0,5.0,5.0,5.0,5.0,5.0,5.0,5.0,5.0,5.0,5.0,7.0,,التأخير في انجاز والنظر في القضايا حيث اننا شهود ونتظر القاضي,التعاون,Q326_2
استبانة تجربة المتعامل _ 2025 - ميدان,Customer Experience Survey _ 2025 - Tablet,4,,,,2.0,1,5,1,2,5,4,4,4,4,5,5,4,5,5,4,4,4,5.0,5.0,5.0,5.0,5.0,4.0,4.0,4.0,4.0,5.0,5.0,4.0,4.0,4.0,4.0,4.0,4.0,9.0,,Nothing,Customer services,Q326_2
استبانة تجربة المتعامل _ 2025 - ميدان,Customer Experience Survey _ 2025 - Tablet,4,,,,4.0,1,8,4,1,4,4,4,4,4,4,4,5,4,5,4,4,4,4.0,5.0,4.0,4.0,4.0,4.0,5.0,4.0,4.0,4.0,4.0,5.0,4.0,4.0,4.0,4.0,4.0,8.0,,A littleslow,Service,Q326_4
استبانة تجربة المتعامل _ 2025 - ميدان,Customer Experience Survey _ 2025 - Tablet,4,,,,4.0,2,8,4,1,5,5,5,5,5,5,5,5,5,5,5,5,5,5.0,5.0,5.0,5.0,5.0,5.0,5.0,5.0,5.0,5.0,5.0,5.0,5.0,5.0,5.0,5.0,5.0,10.0,,Little bet slow,The happiness customer,Q326_4
استبانة تجربة المتعامل _ 2025 - ميدان,Customer Experience Survey _ 2025 - Tablet,4,,,,4.0,2,5,4,1,4,4,3,4,4,4,4,5,5,5,5,3,4,4.0,4.0,4.0,4.0,4.0,4.0,4.0,4.0,4.0,4.0,5.0,4.0,4.0,3.0,4.0,4.0,4.0,8.0,,Long time to finish and take the contract,The respective,Q326_4
استبانة تجربة المتعامل _ 2025 - ميدان,Customer Experience Survey _ 2025 - Tablet,4,,,,5.0,1,7,1,1,5,5,5,2,5,4,4,4,4,4,5,4,4,5.0,5.0,5.0,5.0,5.0,4.0,5.0,5.0,4.0,5.0,5.0,5.0,5.0,5.0,5.0,5.0,5.0,9.0,,مواقف السيارات بدون مظلات,وجود موظفي الاستقبال وخدمة العملاء,Q326_5
استبانة تجربة المتعامل _ 2025 - ميدان,Customer Experience Survey _ 2025 - Tablet,4,,,,3.0,1,7,3,3,4,5,4,4,4,4,5,4,5,5,5,4,5,4.0,4.0,3.0,3.0,4.0,4.0,4.0,5.0,5.0,5.0,5.0,5.0,4.0,4.0,5.0,4.0,4.0,10.0,,لايوجد,كل شي فوق الممتاز,Q326_3
استبانة تجربة المتعامل _ 2025 - ميدان,Customer Experience Survey _ 2025 - Tablet,4,,,,1.0,1,8,3,2,5,5,5,5,5,5,5,5,5,5,5,5,5,5.0,5.0,5.0,4.0,5.0,5.0,5.0,5.0,5.0,5.0,5.0,5.0,5.0,5.0,5.0,5.0,5.0,10.0,,لا شئ,المعاملة الطيبة,Q326_1
استبانة تجربة المتعامل _ 2025 - ميدان,Customer Experience Survey _ 2025 - Tablet,4,,,,3.0,2,8,1,1,1,1,1,1,5,5,5,4,5,5,5,4,4,5.0,5.0,5.0,5.0,5.0,5.0,5.0,5.0,5.0,5.0,5.0,5.0,4.0,4.0,4.0,4.0,4.0,8.0,,في البدايه كانت هناك سوء فهم من موظفين خدمة العملاء وايضا عدم وجود مظلات بمواقف السيارات,اني انتهيت من انجاز معاملتي,Q326_3
استبانة تجربة المتعامل _ 2025 - ميدان,Customer Experience Survey _ 2025 - Tablet,4,,,,1.0,1,8,3,1,4,4,4,4,4,4,4,4,4,5,5,5,5,5.0,5.0,5.0,5.0,5.0,5.0,5.0,5.0,5.0,5.0,5.0,5.0,5.0,5.0,5.0,5.0,5.0,10.0,,لايوجد,المعاملة,Q326_1
استبانة تجربة المتعامل _ 2025 - ميدان,Customer Experience Survey _ 2025 - Tablet,4,,,,3.0,2,5,3,1,5,5,5,5,5,5,5,5,5,5,5,5,5,5.0,5.0,5.0,5.0,5.0,5.0,5.0,5.0,5.0,5.0,5.0,5.0,5.0,5.0,5.0,5.0,5.0,10.0,,لايوجد,تعاون الموظفين,Q326_3
استبانة تجربة المتعامل _ 2025 - ميدان,Customer Experience Survey _ 2025 - Tablet,4,,,,3.0,1,7,1,1,5,5,3,4,4,5,4,5,4,5,4,4,4,4.0,4.0,4.0,4.0,5.0,5.0,4.0,5.0,5.0,5.0,5.0,5.0,4.0,4.0,4.0,4.0,4.0,7.0,,ضيق المكان فيرجى توسعة في المركز ويوجد مظلات في المواقف,التعامل الراقي,Q326_3
استبانة تجربة المتعامل _ 2025 - ميدان,Customer Experience Survey _ 2025 - Tablet,4,,,,3.0,1,7,1,1,5,5,5,1,5,5,5,5,5,3,5,5,5,4.0,4.0,4.0,4.0,3.0,4.0,4.0,4.0,4.0,5.0,3.0,4.0,5.0,4.0,4.0,4.0,4.0,7.0,,الانتظار الطويل والرسوم العالية عن المعقول,انجاز معامتي بعد طول انتظار,Q326_3
استبانة تجربة المتعامل _ 2025 - ميدان,Customer Experience Survey _ 2025 - Tablet,4,,,,5.0,2,7,3,1,5,5,5,5,5,5,5,5,5,5,5,5,5,5.0,5.0,5.0,4.0,3.0,5.0,5.0,5.0,3.0,5.0,4.0,4.0,5.0,5.0,5.0,5.0,5.0,8.0,,عدم المرونة في الحالات الإنسانية والتعامل فقط بالقانون,الاحترام من الجميع,Q326_5
استبانة تجربة المتعامل _ 2025 - ميدان,Customer Experience Survey _ 2025 - Tablet,4,,,,4.0,1,7,1,1,5,5,5,3,4,5,5,5,5,5,4,5,5,5.0,5.0,5.0,5.0,5.0,5.0,5.0,5.0,5.0,5.0,5.0,5.0,5.0,5.0,5.0,5.0,5.0,9.0,,فقط مواقف السيارات بعيدة وزحمة وليس بها مظلات,الإجراءات السهلة والسريع,Q326_4
استبانة تجربة المتعامل _ 2025 - ميدان,Customer Experience Survey _ 2025 - Tablet,4,,,,2.0,2,7,3,1,5,5,5,5,5,5,5,5,5,5,5,5,5,5.0,5.0,5.0,5.0,5.0,5.0,5.0,5.0,5.0,5.0,5.0,5.0,5.0,5.0,5.0,5.0,5.0,10.0,,لا شي,كل شي علي مايرام,Q326_2
استبانة تجربة المتعامل _ 2025 - ميدان,Customer Experience Survey _ 2025 - Tablet,4,,,,3.0,1,7,1,1,1,1,1,1,1,1,2,5,5,3,5,1,5,4.0,3.0,3.0,3.0,2.0,3.0,2.0,2.0,2.0,5.0,4.0,4.0,5.0,3.0,5.0,3.0,2.0,5.0,,احضر للمرة الثالثة علي التوالي ولم أنجز معاملتي رغم وجود كافة الأشخاص و الشهود بوجود القاضي وارجوا التعامل مع الشكوى والتواصل لحلها في المرات القادمة,لا شي,Q326_3
استبانة تجربة المتعامل _ 2025 - ميدان,Customer Experience Survey _ 2025 - Tablet,4,,,,4.0,1,5,3,1,4,5,5,3,4,2,5,4,4,4,4,4,4,5.0,5.0,5.0,5.0,4.0,4.0,4.0,4.0,5.0,5.0,4.0,5.0,4.0,4.0,4.0,4.0,4.0,9.0,,الاتصال  الهاتفي في المحكمه بشكل عام سئ لايوجد رد دائما,تعامل الموظف,Q326_4
استبانة تجربة المتعامل _ 2025 - ميدان,Customer Experience Survey _ 2025 - Tablet,4,,,,2.0,2,5,3,1,4,3,5,1,5,3,5,4,5,5,5,5,4,5.0,5.0,5.0,5.0,3.0,4.0,2.0,1.0,2.0,5.0,4.0,5.0,4.0,4.0,4.0,3.0,3.0,6.0,,،,.,Q326_2
استبانة تجربة المتعامل _ 2025 - ميدان,Customer Experience Survey _ 2025 - Tablet,4,,,,4.0,1,5,4,1,1,4,1,3,1,1,4,1,1,1,1,1,1,1.0,2.0,1.0,2.0,1.0,1.0,1.0,1.0,1.0,1.0,3.0,1.0,1.0,2.0,1.0,1.0,1.0,9.0,,،,،,Q326_4
استبانة تجربة المتعامل _ 2025 - ميدان,Customer Experience Survey _ 2025 - Tablet,4,,,,3.0,1,5,4,1,4,4,4,3,4,4,4,4,5,5,5,4,5,4.0,4.0,4.0,4.0,4.0,4.0,4.0,4.0,4.0,4.0,4.0,5.0,4.0,4.0,4.0,5.0,5.0,10.0,,،,،,Q326_3
استبانة تجربة المتعامل _ 2025 - ميدان,Customer Experience Survey _ 2025 - Tablet,4,,,,3.0,1,5,1,1,2,4,5,3,4,4,5,3,5,4,1,5,4,5.0,5.0,5.0,5.0,5.0,5.0,5.0,5.0,5.0,5.0,4.0,5.0,5.0,1.0,4.0,5.0,4.0,10.0,,لايوجد,موظفة الاستقبال بنت مهذبه علميا وفكر نير وتسعى إلى إيصال الخادمة المراد تقديمها للمتقدم  الاستاذه غاده,Q326_3
استبانة تجربة المتعامل _ 2025 - ميدان,Customer Experience Survey _ 2025 - Tablet,4,,,,3.0,2,7,4,1,2,2,2,5,4,3,5,4,4,5,4,3,5,4.0,3.0,3.0,3.0,1.0,3.0,3.0,3.0,3.0,2.0,3.0,3.0,4.0,3.0,4.0,3.0,3.0,5.0,,No clear picture is provided. Needed to come multiple times for same reasons,Happy welcoming,Q326_3
استبانة تجربة المتعامل _ 2025 - ميدان,Customer Experience Survey _ 2025 - Tablet,4,,,,1.0,1,5,4,1,4,5,5,5,5,5,5,5,5,5,5,4,4,5.0,4.0,4.0,4.0,4.0,4.0,4.0,4.0,4.0,4.0,4.0,5.0,4.0,4.0,4.0,4.0,4.0,10.0,,لاشي,،,Q326_1
استبانة تجربة المتعامل _ 2025 - ميدان,Customer Experience Survey _ 2025 - Tablet,4,,,,1.0,1,7,3,3,4,4,5,5,5,4,5,4,5,5,4,5,4,5.0,5.0,5.0,4.0,4.0,4.0,5.0,5.0,5.0,5.0,5.0,5.0,4.0,4.0,5.0,4.0,4.0,9.0,,لاشي,سرعه الانجاز,Q326_1
استبانة تجربة المتعامل _ 2025 - ميدان,Customer Experience Survey _ 2025 - Tablet,4,,,,1.0,1,7,3,3,4,4,5,3,4,4,4,4,4,4,4,4,4,5.0,5.0,5.0,5.0,5.0,5.0,5.0,5.0,5.0,5.0,3.0,5.0,5.0,5.0,5.0,4.0,4.0,9.0,,لايوجد,سرعه انجاز المعاملة,Q326_1
استبانة تجربة المتعامل _ 2025 - ميدان,Customer Experience Survey _ 2025 - Tablet,4,,,,2.0,1,5,4,1,5,5,5,5,5,5,5,5,5,5,5,5,5,5.0,5.0,5.0,5.0,5.0,5.0,5.0,5.0,5.0,5.0,5.0,5.0,5.0,5.0,5.0,5.0,5.0,10.0,,.,.,Q326_2
استبانة تجربة المتعامل _ 2025 - ميدان,Customer Experience Survey _ 2025 - Tablet,4,,,,2.0,2,5,1,1,5,5,5,5,5,5,5,5,5,5,5,5,4,5.0,4.0,5.0,5.0,5.0,5.0,5.0,5.0,5.0,5.0,5.0,5.0,5.0,5.0,5.0,5.0,5.0,10.0,,لايوجد,التعاملوسرعه الاخجاز,Q326_2
استبانة تجربة المتعامل _ 2025 - ميدان,Customer Experience Survey _ 2025 - Tablet,4,,,,1.0,2,8,1,1,4,4,5,3,5,5,5,5,5,5,3,5,5,5.0,4.0,5.0,3.0,4.0,4.0,4.0,3.0,5.0,5.0,5.0,5.0,4.0,3.0,5.0,5.0,5.0,10.0,,لا شي,سرعه الرد على الاستفسارات المطلوبه,Q326_1
استبانة تجربة المتعامل _ 2025 - ميدان,Customer Experience Survey _ 2025 - Tablet,4,,,,3.0,2,7,1,1,4,4,3,5,3,3,5,5,5,5,5,5,5,5.0,5.0,5.0,5.0,1.0,3.0,3.0,1.0,1.0,5.0,2.0,5.0,4.0,2.0,2.0,1.0,1.0,10.0,,بطئ في صرف المستحقات للورثه مع العلم انها موجوده في حساب المحكمه وأساسا تاخذ وقت طويل للتحويل من البنك للمحكمه عذاب والقاضي البديل لايعمل على صرف الشيكات,،,Q326_3
استبانة تجربة المتعامل _ 2025 - ميدان,Customer Experience Survey _ 2025 - Tablet,4,,,,2.0,1,5,1,1,5,5,5,5,5,5,5,5,5,5,5,5,5,5.0,5.0,5.0,5.0,5.0,5.0,5.0,5.0,5.0,5.0,5.0,5.0,5.0,5.0,5.0,5.0,5.0,10.0,,،,،,Q326_2
استبانة تجربة المتعامل _ 2025 - ميدان,Customer Experience Survey _ 2025 - Tablet,4,,,,2.0,2,5,3,1,5,4,5,5,5,5,5,5,5,5,5,5,5,5.0,4.0,4.0,4.0,5.0,5.0,5.0,4.0,5.0,5.0,4.0,5.0,5.0,5.0,5.0,5.0,5.0,10.0,,يرجى توفير شفت ثاني للدوام  . مشكله الباركنات عندما نأتي في فتره مابين  10 ل 1 ظهرا جدا زحام,سرعه الانجاز,Q326_2
استبانة تجربة المتعامل _ 2025 - ميدان,Customer Experience Survey _ 2025 - Tablet,4,,,,2.0,2,5,1,1,5,5,3,5,5,5,5,5,5,5,5,5,4,5.0,5.0,5.0,5.0,5.0,5.0,5.0,5.0,5.0,5.0,5.0,5.0,5.0,5.0,4.0,5.0,5.0,10.0,,أتمنى يكون في شفت ثاني,اسلوبهم جدا راقي,Q326_2
استبانة تجربة المتعامل _ 2025 - ميدان,Customer Experience Survey _ 2025 - Tablet,4,,,,1.0,1,5,1,1,3,3,5,4,5,3,5,5,5,5,5,5,5,5.0,5.0,5.0,5.0,5.0,5.0,5.0,5.0,5.0,5.0,5.0,5.0,5.0,5.0,5.0,5.0,5.0,9.0,,.,،,Q326_1
استبانة تجربة المتعامل _ 2025 - ميدان,Customer Experience Survey _ 2025 - Tablet,4,,,,3.0,2,5,1,1,3,3,5,4,4,3,5,4,4,4,4,4,4,5.0,4.0,4.0,4.0,3.0,3.0,4.0,4.0,4.0,5.0,5.0,5.0,5.0,5.0,5.0,5.0,5.0,9.0,,وقت انتظار القاضي متعب,،,Q326_3
استبانة تجربة المتعامل _ 2025 - ميدان,Customer Experience Survey _ 2025 - Tablet,4,,,,2.0,2,5,3,1,4,4,4,4,4,4,4,4,5,5,5,5,5,5.0,5.0,5.0,4.0,4.0,4.0,5.0,5.0,5.0,5.0,5.0,5.0,5.0,5.0,5.0,5.0,5.0,10.0,,ان يكون الدوام فترتين للتسهيل على الموظفين,كل شي جزاهم الله خير,Q326_2
استبانة تجربة المتعامل _ 2025 - ميدان,Customer Experience Survey _ 2025 - Tablet,4,,,,2.0,2,7,5,1,5,5,5,5,5,5,5,5,5,5,5,5,5,5.0,5.0,5.0,5.0,5.0,5.0,5.0,5.0,5.0,5.0,5.0,5.0,5.0,5.0,5.0,5.0,5.0,10.0,,,Everyone is very helpful and kind,Q326_2
استبانة تجربة المتعامل _ 2025 - ميدان,Customer Experience Survey _ 2025 - Tablet,4,,,,1.0,2,5,3,1,4,4,5,4,5,5,5,5,5,5,5,5,4,5.0,4.0,5.0,5.0,4.0,5.0,5.0,5.0,5.0,5.0,4.0,5.0,5.0,5.0,5.0,5.0,5.0,10.0,,لاشي,تعامل الموظفيين,Q326_1
استبانة تجربة المتعامل _ 2025 - ميدان,Customer Experience Survey _ 2025 - Tablet,4,,,,1.0,2,5,1,1,5,4,4,4,4,3,1,5,5,5,5,5,4,5.0,5.0,5.0,5.0,5.0,5.0,5.0,5.0,5.0,5.0,5.0,5.0,5.0,5.0,5.0,5.0,5.0,10.0,,موظفه الاستقبال  غير بشوشه,كل شي بارك الله في جهودكم,Q326_1
استبانة تجربة المتعامل _ 2025 - ميدان,Customer Experience Survey _ 2025 - Tablet,4,,,,3.0,1,7,1,1,3,4,3,4,4,4,4,3,4,4,4,2,4,4.0,4.0,4.0,4.0,4.0,4.0,4.0,3.0,4.0,4.0,3.0,4.0,4.0,4.0,4.0,3.0,4.0,9.0,,.,.,Q326_3
استبانة تجربة المتعامل _ 2025 - ميدان,Customer Experience Survey _ 2025 - Tablet,4,,,,2.0,2,5,1,1,4,4,5,4,5,5,5,5,5,5,5,5,5,5.0,5.0,5.0,5.0,5.0,5.0,5.0,5.0,5.0,5.0,5.0,5.0,5.0,5.0,4.0,4.0,4.0,10.0,,،,.,Q326_2
استبانة تجربة المتعامل _ 2025 - ميدان,Customer Experience Survey _ 2025 - Tablet,4,,,,2.0,2,5,1,1,4,4,4,4,4,4,4,4,4,4,4,5,5,5.0,5.0,5.0,5.0,5.0,5.0,5.0,5.0,5.0,5.0,5.0,5.0,5.0,5.0,5.0,5.0,5.0,10.0,,،,،,Q326_2
استبانة تجربة المتعامل _ 2025 - ميدان,Customer Experience Survey _ 2025 - Tablet,4,,,,1.0,2,7,3,1,4,4,4,5,5,5,5,5,5,5,5,4,5,5.0,5.0,5.0,5.0,5.0,5.0,5.0,5.0,5.0,5.0,5.0,5.0,5.0,5.0,5.0,5.0,5.0,10.0,,السرعة والراحة في التعامل,تعامل موظفي التوثيقات بصورة طيبة,Q326_1
استبانة تجربة المتعامل _ 2025 - ميدان,Customer Experience Survey _ 2025 - Tablet,4,,,,1.0,1,5,1,1,4,4,4,4,4,4,4,4,4,4,4,5,3,4.0,4.0,5.0,4.0,5.0,4.0,5.0,5.0,5.0,5.0,4.0,5.0,4.0,4.0,4.0,4.0,4.0,8.0,,.,،,Q326_1
استبانة تجربة المتعامل _ 2025 - ميدان,Customer Experience Survey _ 2025 - Tablet,4,,,,4.0,2,7,3,1,4,4,4,3,4,4,4,4,4,4,4,3,4,4.0,4.0,4.0,4.0,4.0,4.0,4.0,4.0,4.0,4.0,4.0,4.0,4.0,4.0,4.0,4.0,4.0,10.0,,N.a,N.a,Q326_4
استبانة تجربة المتعامل _ 2025 - ميدان,Customer Experience Survey _ 2025 - Tablet,4,,,,1.0,1,7,3,1,5,5,5,5,5,4,5,5,5,5,4,4,5,5.0,4.0,4.0,4.0,4.0,4.0,4.0,4.0,4.0,5.0,3.0,5.0,4.0,5.0,4.0,5.0,5.0,10.0,,،,،,Q326_1
استبانة تجربة المتعامل _ 2025 - ميدان,Customer Experience Survey _ 2025 - Tablet,4,,,,4.0,2,7,4,1,3,3,4,3,5,3,3,3,3,3,5,3,3,4.0,4.0,3.0,3.0,4.0,3.0,3.0,3.0,3.0,4.0,3.0,3.0,4.0,3.0,3.0,5.0,5.0,10.0,,No comments,Very good,Q326_4
استبانة تجربة المتعامل _ 2025 - ميدان,Customer Experience Survey _ 2025 - Tablet,4,,,,2.0,2,5,1,1,4,4,5,2,2,3,5,5,5,5,5,5,5,4.0,5.0,4.0,5.0,5.0,5.0,4.0,4.0,5.0,5.0,5.0,5.0,5.0,5.0,5.0,5.0,5.0,10.0,,مشكله الباركنات ، توفير شفت في أيام العطل خاصه لاصحاب الدوامات,تعاملهم جدا جميل,Q326_2
استبانة تجربة المتعامل _ 2025 - ميدان,Customer Experience Survey _ 2025 - Tablet,4,,,,3.0,1,5,1,1,3,3,4,4,5,3,5,5,5,5,5,5,5,5.0,5.0,5.0,5.0,5.0,5.0,5.0,5.0,5.0,5.0,5.0,5.0,5.0,5.0,5.0,5.0,5.0,10.0,,لايوجد,بارك الله فيهم جميع,Q326_3
استبانة تجربة المتعامل _ 2025 - ميدان,Customer Experience Survey _ 2025 - Tablet,4,,,,4.0,1,7,4,1,3,3,5,5,5,3,5,5,5,5,5,5,3,5.0,5.0,5.0,5.0,5.0,5.0,5.0,5.0,5.0,5.0,4.0,5.0,5.0,5.0,5.0,5.0,5.0,10.0,,Nothing,،,Q326_4
استبانة تجربة المتعامل _ 2025 - ميدان,Customer Experience Survey _ 2025 - Tablet,4,,,,1.0,1,5,4,1,4,4,5,4,5,3,5,5,5,5,5,5,5,5.0,5.0,5.0,5.0,5.0,5.0,5.0,5.0,5.0,5.0,5.0,5.0,5.0,5.0,5.0,5.0,5.0,10.0,,لاشي ابدا,تعامل جدا لطيف وسرعه في المساعده,Q326_1
استبانة تجربة المتعامل _ 2025 - ميدان,Customer Experience Survey _ 2025 - Tablet,4,,,,4.0,2,5,4,1,5,5,5,5,5,5,5,5,5,4,4,5,5,5.0,5.0,5.0,5.0,5.0,5.0,5.0,4.0,5.0,5.0,5.0,5.0,5.0,5.0,4.0,5.0,5.0,10.0,,Na,Thestaff is good,Q326_4
استبانة تجربة المتعامل _ 2025 - ميدان,Customer Experience Survey _ 2025 - Tablet,4,,,,4.0,1,7,4,3,5,5,5,5,5,5,5,5,5,5,5,5,5,5.0,5.0,5.0,5.0,5.0,5.0,5.0,5.0,5.0,5.0,5.0,5.0,5.0,5.0,5.0,5.0,5.0,10.0,,,Service,Q326_4
استبانة تجربة المتعامل _ 2025 - ميدان,Customer Experience Survey _ 2025 - Tablet,4,,,,2.0,1,5,1,1,3,3,5,4,5,2,2,5,5,5,5,5,5,5.0,5.0,5.0,5.0,5.0,5.0,5.0,5.0,5.0,5.0,5.0,5.0,5.0,5.0,3.0,5.0,5.0,10.0,,لايوجد احد في الاستقبال، الباركنات بعيده وزحمه,تعامل الموظفيين,Q326_2
استبانة تجربة المتعامل _ 2025 - ميدان,Customer Experience Survey _ 2025 - Tablet,4,,,,2.0,2,5,1,1,5,4,5,5,5,3,3,5,5,5,5,3,3,5.0,5.0,5.0,5.0,5.0,5.0,5.0,5.0,5.0,5.0,4.0,5.0,5.0,5.0,5.0,5.0,5.0,9.0,,.,.,Q326_2
استبانة تجربة المتعامل _ 2025 - ميدان,Customer Experience Survey _ 2025 - Tablet,4,,,,2.0,1,5,4,1,5,5,4,5,5,5,4,5,5,5,5,5,5,5.0,5.0,5.0,5.0,4.0,5.0,5.0,5.0,5.0,4.0,5.0,5.0,5.0,5.0,5.0,5.0,5.0,9.0,,،,،,Q326_2
استبانة تجربة المتعامل _ 2025 - ميدان,Customer Experience Survey _ 2025 - Tablet,4,,,,2.0,1,7,4,3,5,5,5,4,5,5,4,5,5,5,5,5,5,5.0,5.0,5.0,5.0,5.0,5.0,5.0,5.0,5.0,5.0,5.0,5.0,5.0,5.0,5.0,5.0,5.0,10.0,,لاشي,شكرا لقسم الشهادات الاستاذ عبدالله,Q326_2
استبانة تجربة المتعامل _ 2025 - ميدان,Customer Experience Survey _ 2025 - Tablet,4,,,,1.0,1,7,4,3,5,5,5,5,5,5,5,5,5,5,4,5,5,5.0,5.0,5.0,5.0,5.0,5.0,5.0,5.0,5.0,5.0,5.0,5.0,5.0,5.0,5.0,5.0,5.0,10.0,,Nothing,Kind employees,Q326_1
استبانة تجربة المتعامل _ 2025 - ميدان,Customer Experience Survey _ 2025 - Tablet,4,,,,2.0,1,5,4,1,4,4,4,4,3,3,4,4,4,4,4,4,4,4.0,4.0,4.0,4.0,4.0,4.0,4.0,4.0,4.0,4.0,4.0,5.0,5.0,5.0,5.0,5.0,5.0,10.0,,Na,.,Q326_2
استبانة تجربة المتعامل _ 2025 - ميدان,Customer Experience Survey _ 2025 - Tablet,4,,,,3.0,1,5,1,1,5,5,5,5,5,5,5,5,5,5,5,5,5,2.0,5.0,3.0,4.0,2.0,1.0,1.0,1.0,1.0,5.0,4.0,5.0,5.0,5.0,5.0,1.0,1.0,3.0,,قسم التركات .. عدم إلمام الموظفات بالعمل  هناك بطئ  وغير ملمين بالاجراءات، اسلوبهم غير لطيف ، انتظار طويل ، طلبات مبالغ فيها في الأوراق,في قسم التركات لاشي يسعد كاتعامل وموظفات لايوجد لديهم خبرة,Q326_3
استبانة تجربة المتعامل _ 2025 - ميدان,Customer Experience Survey _ 2025 - Tablet,4,,,,4.0,2,8,6,2,4,4,4,4,4,4,5,4,4,4,4,4,4,5.0,4.0,5.0,4.0,4.0,4.0,4.0,4.0,4.0,4.0,4.0,5.0,4.0,4.0,4.0,4.0,4.0,9.0,,,Customer service was incredible,Q326_4
استبانة تجربة المتعامل _ 2025 - ميدان,Customer Experience Survey _ 2025 - Tablet,4,,,,3.0,1,5,1,1,4,4,4,5,5,5,5,5,5,5,5,5,5,5.0,5.0,5.0,5.0,4.0,4.0,4.0,4.0,4.0,5.0,5.0,5.0,5.0,5.0,5.0,4.0,4.0,9.0,,،,،,Q326_3
استبانة تجربة المتعامل _ 2025 - ميدان,Customer Experience Survey _ 2025 - Tablet,4,,,,4.0,2,8,6,3,4,4,5,5,5,4,5,5,5,5,5,4,5,5.0,5.0,5.0,4.0,5.0,5.0,5.0,4.0,3.0,3.0,4.0,5.0,3.0,4.0,5.0,5.0,5.0,10.0,,Not really annoyed but English speaking colleagues are very limited,The people working here are very helpful and friendly,Q326_4
استبانة تجربة المتعامل _ 2025 - ميدان,Customer Experience Survey _ 2025 - Tablet,4,,,,4.0,1,7,4,3,5,5,5,5,5,4,5,5,5,5,5,4,5,5.0,5.0,5.0,5.0,5.0,5.0,4.0,4.0,4.0,5.0,5.0,5.0,5.0,5.0,4.0,5.0,5.0,10.0,,,.,Q326_4
استبانة تجربة المتعامل _ 2025 - ميدان,Customer Experience Survey _ 2025 - Tablet,4,,,,4.0,2,7,4,3,5,5,5,5,5,5,5,5,5,5,5,5,5,5.0,5.0,5.0,5.0,5.0,5.0,5.0,5.0,5.0,5.0,5.0,5.0,5.0,5.0,5.0,5.0,5.0,10.0,,,"None, over all satisfied",Q326_4
استبانة تجربة المتعامل _ 2025 - ميدان,Customer Experience Survey _ 2025 - Tablet,4,,,,2.0,1,5,1,1,4,4,5,4,5,5,5,5,5,5,5,5,5,5.0,5.0,5.0,5.0,5.0,5.0,5.0,5.0,5.0,5.0,5.0,5.0,5.0,5.0,5.0,5.0,5.0,10.0,,.,تعاملهم,Q326_2
استبانة تجربة المتعامل _ 2025 - ميدان,Customer Experience Survey _ 2025 - Tablet,4,,,,3.0,1,5,1,1,5,5,5,5,5,5,5,5,5,5,5,5,5,5.0,5.0,5.0,5.0,5.0,5.0,5.0,5.0,5.0,5.0,5.0,5.0,5.0,5.0,5.0,5.0,5.0,10.0,,لايوجد,كل شي,Q326_3
استبانة تجربة المتعامل _ 2025 - ميدان,Customer Experience Survey _ 2025 - Tablet,4,,,,3.0,1,7,4,3,4,5,5,5,5,5,5,5,5,5,5,5,5,5.0,5.0,5.0,5.0,5.0,5.0,5.0,5.0,5.0,5.0,5.0,5.0,5.0,5.0,5.0,5.0,5.0,10.0,,لايوجد,تعامل الموظفيين,Q326_3
استبانة تجربة المتعامل _ 2025 - ميدان,Customer Experience Survey _ 2025 - Tablet,4,,,,4.0,2,8,4,3,4,4,5,5,5,5,5,5,5,5,4,5,5,5.0,5.0,5.0,5.0,5.0,5.0,5.0,5.0,5.0,5.0,5.0,5.0,5.0,5.0,5.0,5.0,5.0,10.0,,No,Welcoming costumer,Q326_4
استبانة تجربة المتعامل _ 2025 - ميدان,Customer Experience Survey _ 2025 - Tablet,4,,,,4.0,1,7,4,3,4,4,5,5,5,5,5,5,5,5,3,5,5,5.0,5.0,5.0,5.0,4.0,5.0,5.0,5.0,5.0,5.0,5.0,5.0,5.0,4.0,4.0,5.0,5.0,9.0,,Nothing,Costumer service is good,Q326_4
استبانة تجربة المتعامل _ 2025 - ميدان,Customer Experience Survey _ 2025 - Tablet,4,,,,1.0,1,5,3,1,4,4,5,5,5,5,5,5,5,5,5,5,3,5.0,5.0,5.0,5.0,5.0,5.0,5.0,5.0,5.0,5.0,4.0,5.0,4.0,5.0,4.0,5.0,5.0,10.0,,لايوجد,كل شي تمام,Q326_1
استبانة تجربة المتعامل _ 2025 - ميدان,Customer Experience Survey _ 2025 - Tablet,4,,,,1.0,1,5,1,1,3,3,5,5,5,5,5,5,5,5,5,5,5,5.0,5.0,5.0,5.0,5.0,5.0,5.0,5.0,5.0,5.0,4.0,5.0,5.0,5.0,5.0,5.0,5.0,10.0,,.,،,Q326_1
استبانة تجربة المتعامل _ 2025 - ميدان,Customer Experience Survey _ 2025 - Tablet,4,,,,1.0,1,5,1,1,4,4,5,3,5,3,5,5,5,5,5,5,5,5.0,5.0,5.0,5.0,5.0,5.0,5.0,5.0,5.0,5.0,5.0,5.0,5.0,5.0,5.0,5.0,5.0,10.0,,،.,.,Q326_1
استبانة تجربة المتعامل _ 2025 - ميدان,Customer Experience Survey _ 2025 - Tablet,4,,,,4.0,2,7,4,3,4,5,5,5,5,5,5,5,5,5,5,4,5,5.0,5.0,5.0,5.0,5.0,4.0,5.0,5.0,5.0,5.0,5.0,5.0,5.0,5.0,5.0,5.0,5.0,10.0,,Nothing,Staff are approachable and always smile while serving.happy experience,Q326_4
استبانة تجربة المتعامل _ 2025 - ميدان,Customer Experience Survey _ 2025 - Tablet,4,,,,4.0,2,8,4,1,1,2,1,1,1,1,1,1,1,1,1,1,1,1.0,1.0,1.0,1.0,1.0,1.0,1.0,1.0,1.0,1.0,1.0,1.0,1.0,1.0,1.0,1.0,5.0,10.0,,Nothing,Happy,Q326_4
استبانة تجربة المتعامل _ 2025 - ميدان,Customer Experience Survey _ 2025 - Tablet,4,,,,4.0,1,5,3,1,4,4,5,5,5,5,5,5,5,5,5,5,5,5.0,5.0,5.0,5.0,5.0,5.0,5.0,5.0,5.0,5.0,5.0,5.0,5.0,5.0,5.0,5.0,5.0,10.0,,لاشي,تعاملهم,Q326_4
استبانة تجربة المتعامل _ 2025 - ميدان,Customer Experience Survey _ 2025 - Tablet,4,,,,1.0,1,5,4,1,4,4,5,5,5,5,5,5,5,5,5,5,3,4.0,4.0,4.0,4.0,4.0,4.0,4.0,4.0,4.0,4.0,4.0,5.0,3.0,4.0,3.0,4.0,4.0,7.0,,.,.,Q326_1
استبانة تجربة المتعامل _ 2025 - ميدان,Customer Experience Survey _ 2025 - Tablet,4,,,,1.0,1,7,3,3,5,4,5,3,5,5,5,4,5,5,5,5,4,5.0,4.0,4.0,4.0,5.0,5.0,5.0,5.0,5.0,5.0,5.0,5.0,5.0,5.0,5.0,5.0,5.0,9.0,,لاشي,تعامل الموظفيين,Q326_1
استبانة تجربة المتعامل _ 2025 - ميدان,Customer Experience Survey _ 2025 - Tablet,4,,,,2.0,1,5,4,3,5,5,5,5,5,5,5,1,5,5,1,5,5,5.0,5.0,5.0,5.0,4.0,5.0,5.0,5.0,5.0,5.0,5.0,5.0,5.0,5.0,5.0,5.0,5.0,10.0,,Not issue,Not iss,Q326_2
استبانة تجربة المتعامل _ 2025 - ميدان,Customer Experience Survey _ 2025 - Tablet,4,,,,1.0,1,8,4,3,5,5,5,5,5,5,5,5,5,5,5,5,5,5.0,5.0,5.0,5.0,5.0,5.0,5.0,5.0,5.0,5.0,5.0,5.0,5.0,5.0,5.0,5.0,5.0,10.0,,",,",",",Q326_1
استبانة تجربة المتعامل _ 2025 - ميدان,Customer Experience Survey _ 2025 - Tablet,4,,,,2.0,2,5,1,1,4,4,4,4,4,4,4,5,5,4,4,4,4,4.0,4.0,4.0,4.0,4.0,4.0,4.0,4.0,5.0,5.0,1.0,5.0,5.0,5.0,5.0,3.0,3.0,9.0,,طلب تخفيض الرسوم خاصه لاصحاب الدخل المحدود كل ورقه ب خمسين، تسهيل الحصول على ورقه عدم عمل . الباركنات زحمه,التعامل ممتاز والإنجاز بارك الله فيهم .,Q326_2
استبانة تجربة المتعامل _ 2025 - ميدان,Customer Experience Survey _ 2025 - Tablet,4,,,,4.0,2,7,4,3,5,5,5,5,5,5,5,5,5,5,5,5,5,5.0,5.0,5.0,5.0,5.0,5.0,5.0,5.0,5.0,5.0,5.0,5.0,5.0,5.0,5.0,5.0,5.0,10.0,,,Very quick response,Q326_4
استبانة تجربة المتعامل _ 2025 - ميدان,Customer Experience Survey _ 2025 - Tablet,4,,,,4.0,1,5,4,3,4,4,5,5,5,5,5,5,5,5,5,5,5,5.0,5.0,5.0,5.0,5.0,5.0,5.0,5.0,5.0,5.0,5.0,5.0,5.0,5.0,5.0,4.0,5.0,10.0,,None.,Very approachable,Q326_4
استبانة تجربة المتعامل _ 2025 - ميدان,Customer Experience Survey _ 2025 - Tablet,4,,,,2.0,2,7,4,1,4,3,5,5,4,4,4,4,4,4,4,4,4,4.0,4.0,4.0,4.0,5.0,5.0,5.0,5.0,5.0,5.0,3.0,5.0,5.0,5.0,5.0,4.0,4.0,10.0,,Na,Kindly people,Q326_2
استبانة تجربة المتعامل _ 2025 - ميدان,Customer Experience Survey _ 2025 - Tablet,4,,,,2.0,1,7,3,1,4,4,4,4,4,4,4,3,4,4,2,3,3,4.0,4.0,4.0,4.0,4.0,3.0,4.0,4.0,4.0,4.0,4.0,4.0,3.0,3.0,4.0,4.0,4.0,9.0,,لا يوجد,التعامل المميز من الموظفين,Q326_2
استبانة تجربة المتعامل _ 2025 - ميدان,Customer Experience Survey _ 2025 - Tablet,4,,,,2.0,1,5,3,1,4,4,5,3,5,2,4,3,5,4,2,4,3,5.0,4.0,4.0,4.0,4.0,4.0,4.0,4.0,4.0,5.0,4.0,5.0,5.0,5.0,5.0,5.0,5.0,8.0,,لايوجد شي,تعامل الموظفه,Q326_2
استبانة تجربة المتعامل _ 2025 - ميدان,Customer Experience Survey _ 2025 - Tablet,4,,,,2.0,1,5,3,3,4,4,4,4,4,4,4,4,5,5,5,5,4,5.0,5.0,5.0,5.0,5.0,5.0,5.0,5.0,5.0,5.0,5.0,5.0,5.0,5.0,5.0,5.0,5.0,10.0,,لاشي,جزاكم الله خير,Q326_2
استبانة تجربة المتعامل _ 2025 - ميدان,Customer Experience Survey _ 2025 - Tablet,4,,,,3.0,1,5,1,1,4,4,5,4,5,5,5,5,5,5,5,5,3,5.0,5.0,5.0,5.0,5.0,5.0,5.0,5.0,5.0,5.0,5.0,5.0,5.0,5.0,5.0,5.0,5.0,10.0,,لايوجد ابدا,ماشالله عليهم جزاهم الله كل خير,Q326_3
استبانة تجربة المتعامل _ 2025 - ميدان,Customer Experience Survey _ 2025 - Tablet,4,,,,2.0,2,7,5,1,4,5,5,3,4,3,5,3,5,4,3,4,5,5.0,5.0,5.0,4.0,5.0,2.0,5.0,3.0,4.0,5.0,4.0,5.0,4.0,4.0,4.0,4.0,4.0,10.0,,Repeated phonecalls to resolve issues,Helpfulness,Q326_2
استبانة تجربة المتعامل _ 2025 - ميدان,Customer Experience Survey _ 2025 - Tablet,4,,,,3.0,1,7,3,1,4,4,4,5,5,3,5,5,5,5,5,5,4,5.0,5.0,5.0,5.0,5.0,5.0,5.0,5.0,5.0,5.0,5.0,5.0,5.0,4.0,4.0,4.0,4.0,9.0,,لا شي,.,Q326_3
استبانة تجربة المتعامل _ 2025 - ميدان,Customer Experience Survey _ 2025 - Tablet,4,,,,2.0,1,7,3,1,4,4,5,4,5,5,5,5,5,5,5,5,5,5.0,5.0,4.0,4.0,4.0,4.0,4.0,4.0,5.0,5.0,4.0,5.0,5.0,4.0,5.0,4.0,4.0,9.0,,.,.,Q326_2
استبانة تجربة المتعامل _ 2025 - ميدان,Customer Experience Survey _ 2025 - Tablet,4,,,,2.0,1,7,3,1,4,4,3,4,4,4,4,4,4,4,3,4,4,4.0,4.0,4.0,4.0,4.0,3.0,4.0,4.0,4.0,4.0,4.0,5.0,4.0,3.0,4.0,4.0,4.0,8.0,,.,.,Q326_2
استبانة تجربة المتعامل _ 2025 - ميدان,Customer Experience Survey _ 2025 - Tablet,4,,,,2.0,1,5,1,1,4,4,4,3,5,3,5,4,5,4,4,5,3,5.0,5.0,5.0,5.0,5.0,5.0,5.0,5.0,5.0,5.0,5.0,5.0,5.0,5.0,5.0,5.0,5.0,10.0,,الباركنات بدون مظلات بعض الأحيان تكن مزدحم.,تعامل طيب ماشالله,Q326_2
استبانة تجربة المتعامل _ 2025 - ميدان,Customer Experience Survey _ 2025 - Tablet,4,,,,1.0,1,7,4,3,5,5,5,5,5,5,5,5,5,5,5,5,5,5.0,5.0,5.0,5.0,5.0,5.0,5.0,5.0,5.0,5.0,5.0,5.0,5.0,5.0,5.0,5.0,5.0,10.0,,,Easy to communicate and best service,Q326_1
استبانة تجربة المتعامل _ 2025 - ميدان,Customer Experience Survey _ 2025 - Tablet,4,,,,1.0,2,5,3,1,4,4,5,5,5,5,5,5,5,5,5,5,5,5.0,5.0,5.0,5.0,5.0,5.0,5.0,5.0,5.0,5.0,5.0,5.0,5.0,5.0,5.0,5.0,5.0,10.0,,لاشي,سرعه في الانجاز,Q326_1
استبانة تجربة المتعامل _ 2025 - ميدان,Customer Experience Survey _ 2025 - Tablet,4,,,,2.0,2,5,3,1,5,5,5,4,5,5,5,4,5,5,5,5,4,5.0,5.0,5.0,5.0,5.0,5.0,5.0,5.0,5.0,5.0,4.0,5.0,5.0,4.0,4.0,5.0,5.0,10.0,,لاشي,تعاملهم,Q326_2
استبانة تجربة المتعامل _ 2025 - ميدان,Customer Experience Survey _ 2025 - Tablet,4,,,,2.0,2,7,3,1,5,5,4,4,4,3,5,4,5,5,5,5,5,5.0,5.0,4.0,5.0,5.0,5.0,5.0,5.0,5.0,5.0,5.0,5.0,5.0,4.0,5.0,5.0,5.0,10.0,,يرجى توفير شفت مسائي لاصحاب الدوامات .,الخدمات عموما وطريقه التعامل,Q326_2
استبانة تجربة المتعامل _ 2025 - ميدان,Customer Experience Survey _ 2025 - Tablet,4,,,,2.0,2,7,3,1,4,4,5,4,4,4,5,5,5,5,5,5,4,5.0,5.0,5.0,5.0,5.0,5.0,5.0,5.0,5.0,5.0,5.0,5.0,5.0,5.0,5.0,5.0,5.0,9.0,,.,.,Q326_2
استبانة تجربة المتعامل _ 2025 - ميدان,Customer Experience Survey _ 2025 - Tablet,4,,,,4.0,2,8,4,1,4,4,4,3,4,4,5,4,4,5,5,4,5,5.0,5.0,5.0,5.0,4.0,4.0,4.0,5.0,4.0,5.0,5.0,4.0,5.0,5.0,5.0,5.0,5.0,10.0,,,Reception,Q326_4
استبانة تجربة المتعامل _ 2025 - ميدان,Customer Experience Survey _ 2025 - Tablet,4,,,,2.0,2,5,3,1,4,4,5,5,5,5,5,5,5,5,3,5,5,5.0,5.0,5.0,5.0,5.0,5.0,5.0,5.0,5.0,5.0,3.0,3.0,5.0,5.0,5.0,5.0,5.0,10.0,,لا يوجد,تعامل الموظفين,Q326_2
استبانة تجربة المتعامل _ 2025 - ميدان,Customer Experience Survey _ 2025 - Tablet,4,,,,2.0,2,5,3,1,5,5,5,4,4,4,5,4,5,5,3,5,5,5.0,5.0,5.0,5.0,5.0,5.0,5.0,5.0,5.0,5.0,5.0,5.0,5.0,3.0,5.0,5.0,5.0,10.0,,لا,الموظفين وعدمالانتظار لوقت طويل,Q326_2
استبانة تجربة المتعامل _ 2025 - ميدان,Customer Experience Survey _ 2025 - Tablet,4,,,,2.0,2,5,3,1,3,3,5,4,5,5,5,5,5,5,3,5,5,5.0,5.0,5.0,5.0,5.0,5.0,5.0,5.0,5.0,5.0,3.0,5.0,5.0,5.0,5.0,5.0,5.0,10.0,,لا يوجد,احترام الموظفين واسلوبهم,Q326_2
استبانة تجربة المتعامل _ 2025 - ميدان,Customer Experience Survey _ 2025 - Tablet,4,,,,2.0,2,5,1,1,5,5,5,4,5,5,5,5,5,5,3,3,5,5.0,5.0,5.0,5.0,5.0,4.0,5.0,5.0,5.0,5.0,3.0,5.0,3.0,3.0,5.0,5.0,5.0,10.0,,لا شيء,اسلوب الموظفين,Q326_2
استبانة تجربة المتعامل _ 2025 - ميدان,Customer Experience Survey _ 2025 - Tablet,4,,,,2.0,2,5,3,1,5,5,5,3,5,5,5,3,5,3,3,5,5,5.0,5.0,5.0,5.0,5.0,5.0,5.0,5.0,5.0,5.0,5.0,5.0,3.0,3.0,3.0,5.0,5.0,10.0,,لا,إنجاز المعاملة وأسلوب الموظفين المحترم,Q326_2
استبانة تجربة المتعامل _ 2025 - ميدان,Customer Experience Survey _ 2025 - Tablet,4,,,,4.0,2,8,4,1,5,5,5,4,5,5,4,4,5,4,4,4,5,4.0,4.0,4.0,4.0,5.0,5.0,5.0,5.0,5.0,4.0,4.0,5.0,5.0,5.0,5.0,5.0,5.0,10.0,,Nothing,Reception and no waiting,Q326_4
استبانة تجربة المتعامل _ 2025 - ميدان,Customer Experience Survey _ 2025 - Tablet,4,,,,1.0,1,8,4,1,5,5,5,5,5,5,4,5,5,5,4,5,5,5.0,5.0,5.0,5.0,5.0,5.0,5.0,5.0,5.0,5.0,5.0,5.0,5.0,5.0,5.0,5.0,5.0,10.0,,Nothing,Reception and Staff,Q326_1
استبانة تجربة المتعامل _ 2025 - ميدان,Customer Experience Survey _ 2025 - Tablet,4,,,,3.0,1,7,1,1,5,5,5,5,5,5,5,3,5,1,3,3,3,5.0,5.0,5.0,5.0,5.0,5.0,5.0,5.0,5.0,5.0,3.0,5.0,3.0,3.0,4.0,5.0,5.0,7.0,,اتمنى تجديد المرافق,الموظفين وإنجاز المعاملة,Q326_3
استبانة تجربة المتعامل _ 2025 - ميدان,Customer Experience Survey _ 2025 - Tablet,4,,,,4.0,2,5,4,1,4,4,4,4,4,4,4,4,4,4,4,4,4,4.0,4.0,4.0,4.0,4.0,4.0,4.0,4.0,4.0,4.0,4.0,4.0,4.0,4.0,4.0,5.0,5.0,10.0,,No issues,Nothing,Q326_4
استبانة تجربة المتعامل _ 2025 - ميدان,Customer Experience Survey _ 2025 - Tablet,4,,,,5.0,2,5,3,1,5,5,5,5,5,5,5,3,5,5,3,5,5,5.0,5.0,5.0,5.0,5.0,5.0,5.0,5.0,5.0,5.0,3.0,5.0,3.0,3.0,5.0,5.0,5.0,10.0,,لا يوجد,كله تمام,Q326_5
استبانة تجربة المتعامل _ 2025 - ميدان,Customer Experience Survey _ 2025 - Tablet,4,,,,5.0,2,5,3,1,5,5,5,5,5,5,5,5,5,5,3,5,5,5.0,5.0,5.0,5.0,5.0,5.0,5.0,5.0,5.0,5.0,3.0,5.0,5.0,5.0,5.0,5.0,5.0,10.0,,لا يوجد,اسلوب الموظفين,Q326_5
استبانة تجربة المتعامل _ 2025 - ميدان,Customer Experience Survey _ 2025 - Tablet,4,,,,3.0,2,5,1,1,5,5,5,5,5,5,5,4,5,4,3,5,5,5.0,5.0,5.0,5.0,5.0,5.0,5.0,5.0,5.0,5.0,5.0,5.0,5.0,5.0,5.0,5.0,5.0,10.0,,لا,إنجاز المعاملة,Q326_3
استبانة تجربة المتعامل _ 2025 - ميدان,Customer Experience Survey _ 2025 - Tablet,4,,,,5.0,2,5,1,1,5,5,5,5,5,5,5,5,5,5,4,5,5,5.0,5.0,5.0,5.0,5.0,5.0,5.0,5.0,5.0,5.0,5.0,5.0,5.0,5.0,5.0,5.0,5.0,10.0,,لا,معاملة الموظفين وعدم التأخير,Q326_5
استبانة تجربة المتعامل _ 2025 - ميدان,Customer Experience Survey _ 2025 - Tablet,4,,,,1.0,1,8,4,1,5,5,5,5,5,5,5,5,5,5,3,5,5,5.0,5.0,5.0,5.0,5.0,5.0,5.0,5.0,5.0,5.0,5.0,5.0,5.0,5.0,5.0,5.0,5.0,9.0,,,Everything is good,Q326_1
استبانة تجربة المتعامل _ 2025 - ميدان,Customer Experience Survey _ 2025 - Tablet,4,,,,2.0,1,5,1,1,5,5,5,5,5,5,5,5,5,5,3,5,5,5.0,5.0,5.0,5.0,5.0,5.0,5.0,5.0,5.0,5.0,5.0,5.0,5.0,3.0,5.0,5.0,5.0,10.0,,زيادة عدد الموظفين في يوم الأحد,سرعة إنجاز المعاملة,Q326_2
استبانة تجربة المتعامل _ 2025 - ميدان,Customer Experience Survey _ 2025 - Tablet,4,,,,2.0,1,5,3,1,5,5,5,5,5,5,5,5,5,5,3,4,5,5.0,5.0,5.0,5.0,5.0,5.0,5.0,5.0,5.0,5.0,3.0,5.0,5.0,5.0,5.0,5.0,5.0,10.0,,لا يوجد,مساعدة موظفين الاستقبال,Q326_2
استبانة تجربة المتعامل _ 2025 - ميدان,Customer Experience Survey _ 2025 - Tablet,4,,,,3.0,1,7,3,1,5,5,5,4,5,5,5,4,5,5,4,5,5,5.0,5.0,5.0,5.0,5.0,5.0,5.0,5.0,5.0,5.0,5.0,5.0,5.0,5.0,5.0,5.0,5.0,10.0,,لا يوجد,معاملة واهتمام الموظفين,Q326_3
استبانة تجربة المتعامل _ 2025 - ميدان,Customer Experience Survey _ 2025 - Tablet,4,,,,2.0,2,5,1,1,5,5,5,3,5,5,5,5,5,5,3,4,5,5.0,5.0,5.0,5.0,5.0,5.0,5.0,5.0,5.0,5.0,5.0,5.0,5.0,5.0,4.0,5.0,5.0,10.0,,لا سئ,الموظفين قمة في الاحترام والتعاون,Q326_2
استبانة تجربة المتعامل _ 2025 - ميدان,Customer Experience Survey _ 2025 - Tablet,4,,,,2.0,2,5,4,1,5,5,5,5,5,5,5,5,5,5,5,4,5,5.0,5.0,5.0,5.0,5.0,5.0,5.0,5.0,5.0,5.0,4.0,5.0,5.0,5.0,5.0,5.0,5.0,10.0,,Nothing,All is good,Q326_2
استبانة تجربة المتعامل _ 2025 - ميدان,Customer Experience Survey _ 2025 - Tablet,4,,,,2.0,2,7,3,1,3,5,5,5,5,5,5,5,5,5,5,5,5,5.0,5.0,5.0,5.0,5.0,5.0,5.0,5.0,5.0,5.0,5.0,5.0,5.0,5.0,5.0,5.0,5.0,10.0,,لا يوجد,تعاون الموظفين,Q326_2
استبانة تجربة المتعامل _ 2025 - ميدان,Customer Experience Survey _ 2025 - Tablet,4,,,,1.0,1,8,3,1,5,5,5,5,5,5,5,5,5,5,5,5,5,5.0,5.0,5.0,5.0,5.0,5.0,5.0,5.0,5.0,5.0,5.0,5.0,5.0,5.0,5.0,5.0,5.0,10.0,,لايوجد,الموظفين,Q326_1
استبانة تجربة المتعامل _ 2025 - ميدان,Customer Experience Survey _ 2025 - Tablet,4,,,,3.0,2,5,6,1,5,5,5,5,5,5,4,5,5,5,3,3,5,5.0,4.0,4.0,4.0,4.0,4.0,4.0,4.0,5.0,5.0,4.0,5.0,5.0,4.0,4.0,3.0,3.0,7.0,,انتظار لوقت طويل وتضييع للوقت,لا,Q326_3
استبانة تجربة المتعامل _ 2025 - ميدان,Customer Experience Survey _ 2025 - Tablet,4,,,,1.0,2,8,3,1,5,5,5,4,5,5,5,5,5,5,5,5,5,5.0,5.0,5.0,5.0,4.0,5.0,5.0,5.0,5.0,5.0,5.0,5.0,5.0,4.0,5.0,5.0,5.0,9.0,,لا يوجد,تعامل الموظفة,Q326_1
استبانة تجربة المتعامل _ 2025 - ميدان,Customer Experience Survey _ 2025 - Tablet,4,,,,3.0,2,5,1,1,5,5,5,5,5,5,5,5,5,5,5,5,5,5.0,5.0,5.0,5.0,5.0,5.0,5.0,5.0,5.0,5.0,5.0,5.0,5.0,5.0,5.0,5.0,5.0,10.0,,لا يوجد,كل من في المؤسسة محترم ومتعاون,Q326_3
استبانة تجربة المتعامل _ 2025 - ميدان,Customer Experience Survey _ 2025 - Tablet,4,,,,3.0,2,8,4,1,4,4,5,2,5,5,3,3,5,3,4,2,5,5.0,5.0,5.0,4.0,5.0,2.0,4.0,2.0,4.0,5.0,5.0,5.0,4.0,4.0,4.0,4.0,4.0,8.0,,إعادة إحضار الأوراق المطلوبة ويجب أن اتابع المعاملة,تعامل الموظفين,Q326_3
استبانة تجربة المتعامل _ 2025 - ميدان,Customer Experience Survey _ 2025 - Tablet,4,,,,2.0,1,8,4,1,5,5,5,3,5,5,5,2,5,2,4,5,5,5.0,5.0,5.0,5.0,5.0,5.0,5.0,5.0,5.0,5.0,5.0,5.0,5.0,5.0,5.0,5.0,5.0,9.0,,AC,Employees are helpful and aware of what they do,Q326_2
استبانة تجربة المتعامل _ 2025 - ميدان,Customer Experience Survey _ 2025 - Tablet,4,,,,2.0,2,5,3,1,5,5,5,5,5,5,5,5,5,5,3,4,5,5.0,5.0,5.0,5.0,5.0,5.0,5.0,5.0,5.0,5.0,5.0,5.0,5.0,5.0,5.0,5.0,5.0,10.0,,لا يوجدد,الموظفين وتعاملهم واسلوبهم الراقي,Q326_2
استبانة تجربة المتعامل _ 2025 - ميدان,Customer Experience Survey _ 2025 - Tablet,4,,,,3.0,1,8,4,1,5,5,4,4,5,5,4,2,5,4,4,3,5,5.0,5.0,5.0,5.0,5.0,5.0,5.0,5.0,5.0,4.0,5.0,5.0,5.0,5.0,5.0,5.0,5.0,9.0,,Waiting,WIFI,Q326_3
استبانة تجربة المتعامل _ 2025 - ميدان,Customer Experience Survey _ 2025 - Tablet,4,,,,3.0,1,7,3,1,5,5,5,4,5,5,5,5,5,5,5,4,5,5.0,5.0,5.0,5.0,5.0,5.0,5.0,5.0,5.0,5.0,5.0,5.0,5.0,5.0,5.0,5.0,5.0,10.0,,لايوجد ازعجني,المعاملة الطيبة من قبل الموظفين,Q326_3
استبانة تجربة المتعامل _ 2025 - ميدان,Customer Experience Survey _ 2025 - Tablet,4,,,,2.0,2,5,3,1,5,5,5,4,5,5,3,5,5,5,3,5,5,5.0,5.0,5.0,5.0,5.0,5.0,5.0,5.0,5.0,5.0,5.0,5.0,4.0,3.0,4.0,5.0,5.0,10.0,,لا يوجد,الموظفين,Q326_2
استبانة تجربة المتعامل _ 2025 - ميدان,Customer Experience Survey _ 2025 - Tablet,4,,,,2.0,2,5,3,1,5,5,5,5,5,5,5,5,5,5,5,5,5,5.0,5.0,5.0,5.0,5.0,5.0,5.0,5.0,5.0,5.0,5.0,5.0,5.0,5.0,5.0,5.0,5.0,10.0,,لا,الموظفين ولا انتظرت سرعة إنجاز المعاملة,Q326_2
استبانة تجربة المتعامل _ 2025 - ميدان,Customer Experience Survey _ 2025 - Tablet,4,,,,2.0,2,5,1,1,5,5,5,5,5,5,5,5,5,5,5,5,5,5.0,5.0,5.0,5.0,5.0,5.0,5.0,5.0,5.0,5.0,5.0,5.0,5.0,5.0,5.0,5.0,5.0,10.0,,لا يوجد,إنجاز المعاملة ومعاملة الموظفين,Q326_2
استبانة تجربة المتعامل _ 2025 - ميدان,Customer Experience Survey _ 2025 - Tablet,4,,,,2.0,2,7,3,1,5,5,5,5,5,5,5,5,5,5,3,5,5,5.0,5.0,5.0,5.0,5.0,5.0,5.0,5.0,5.0,5.0,3.0,5.0,5.0,5.0,5.0,5.0,5.0,10.0,,لا يوجد,إنجاز المعاملات وأسلوب الموظفين,Q326_2
استبانة تجربة المتعامل _ 2025 - ميدان,Customer Experience Survey _ 2025 - Tablet,4,,,,2.0,1,5,4,2,5,5,5,5,5,5,5,5,5,5,3,5,5,5.0,5.0,5.0,5.0,4.0,4.0,4.0,4.0,5.0,5.0,5.0,5.0,3.0,5.0,4.0,5.0,5.0,8.0,,لا يوجد,الاستقبال والموظفين,Q326_2
استبانة تجربة المتعامل _ 2025 - ميدان,Customer Experience Survey _ 2025 - Tablet,4,,,,2.0,2,5,1,1,5,5,5,5,5,5,4,2,5,5,4,5,5,5.0,4.0,4.0,5.0,5.0,4.0,5.0,5.0,4.0,5.0,5.0,5.0,4.0,4.0,4.0,5.0,5.0,5.0,,الاهتمام بسماع  المقترحات المقدمة,تعامل بعض الموظفين,Q326_2
استبانة تجربة المتعامل _ 2025 - ميدان,Customer Experience Survey _ 2025 - Tablet,4,,,,3.0,2,8,3,1,5,5,5,5,5,5,2,3,5,3,4,5,5,5.0,5.0,5.0,5.0,5.0,5.0,5.0,5.0,5.0,5.0,5.0,5.0,5.0,5.0,5.0,5.0,5.0,8.0,,يوجد بعض الملاحظات,الضيافة,Q326_3
استبانة تجربة المتعامل _ 2025 - ميدان,Customer Experience Survey _ 2025 - Tablet,4,,,,1.0,1,8,4,1,5,5,5,5,5,5,4,4,5,4,2,4,5,5.0,5.0,4.0,5.0,5.0,5.0,5.0,5.0,5.0,5.0,5.0,5.0,4.0,4.0,4.0,4.0,5.0,8.0,,لا يوجد,تعامل الموظفين,Q326_1
استبانة تجربة المتعامل _ 2025 - ميدان,Customer Experience Survey _ 2025 - Tablet,4,,,,3.0,1,5,1,1,5,5,5,5,5,5,5,5,5,5,5,4,5,5.0,5.0,5.0,5.0,5.0,5.0,5.0,5.0,5.0,5.0,5.0,5.0,5.0,5.0,5.0,5.0,5.0,10.0,,لا,الضيافة واهتمام الموظفين بالمعاملة,Q326_3
استبانة تجربة المتعامل _ 2025 - ميدان,Customer Experience Survey _ 2025 - Tablet,4,,,,1.0,1,8,3,1,5,5,5,5,5,5,5,5,5,5,5,5,5,5.0,4.0,4.0,5.0,5.0,5.0,5.0,5.0,4.0,5.0,5.0,5.0,5.0,5.0,5.0,5.0,5.0,9.0,,لا شي,الموظفين,Q326_1
استبانة تجربة المتعامل _ 2025 - ميدان,Customer Experience Survey _ 2025 - Tablet,4,,,,2.0,1,7,3,4,5,5,5,5,5,5,5,5,5,5,5,5,5,5.0,5.0,5.0,3.0,5.0,5.0,5.0,5.0,5.0,5.0,3.0,5.0,5.0,5.0,5.0,5.0,5.0,8.0,,السيستم واقع في بعض الأحيان,في اجتهاد في مستوى تقديم الخدمة /المعاملة مريحة,Q326_2
استبانة تجربة المتعامل _ 2025 - ميدان,Customer Experience Survey _ 2025 - Tablet,4,,,,2.0,2,5,1,1,5,5,5,5,5,5,5,5,5,5,5,5,5,5.0,5.0,5.0,5.0,5.0,5.0,5.0,5.0,5.0,5.0,5.0,5.0,5.0,5.0,5.0,5.0,5.0,10.0,,لايوجد,لم انتظر لوقت طويل,Q326_2
استبانة تجربة المتعامل _ 2025 - ميدان,Customer Experience Survey _ 2025 - Tablet,4,,,,1.0,1,7,4,2,5,5,5,5,5,5,3,5,5,5,3,3,5,5.0,4.0,4.0,5.0,5.0,5.0,5.0,5.0,5.0,5.0,5.0,5.0,5.0,3.0,3.0,4.0,5.0,10.0,,Waiting,Helpful staff with good  knowledge,Q326_1
استبانة تجربة المتعامل _ 2025 - ميدان,Customer Experience Survey _ 2025 - Tablet,4,,,,4.0,1,7,3,1,5,5,5,5,5,5,5,2,5,2,3,5,5,5.0,5.0,5.0,5.0,5.0,5.0,5.0,5.0,5.0,5.0,4.0,5.0,5.0,5.0,5.0,5.0,5.0,8.0,,اتمنى تجديد المكان,سهولة إجراء المعاملة,Q326_4
استبانة تجربة المتعامل _ 2025 - ميدان,Customer Experience Survey _ 2025 - Tablet,4,,,,5.0,2,5,3,1,5,5,5,5,5,5,5,5,5,5,5,5,5,5.0,5.0,5.0,5.0,5.0,5.0,5.0,5.0,5.0,5.0,5.0,5.0,5.0,5.0,5.0,5.0,5.0,10.0,,لا يوجد,مساعدة الموظفين,Q326_5
استبانة تجربة المتعامل _ 2025 - ميدان,Customer Experience Survey _ 2025 - Tablet,4,,,,1.0,1,7,3,1,5,5,5,2,5,5,3,5,5,4,4,4,5,5.0,5.0,5.0,5.0,5.0,5.0,5.0,5.0,5.0,5.0,5.0,5.0,5.0,5.0,5.0,5.0,5.0,8.0,,الانتظار / مواقف السيارات بدون مظلة,الموظفين,Q326_1
استبانة تجربة المتعامل _ 2025 - ميدان,Customer Experience Survey _ 2025 - Tablet,4,,,,2.0,2,5,4,1,5,5,5,5,5,5,2,5,5,5,5,5,5,5.0,5.0,5.0,5.0,5.0,5.0,5.0,5.0,5.0,5.0,5.0,5.0,5.0,5.0,5.0,5.0,5.0,9.0,,الاستقبال لم تكن موجودة الموظفة,إنجاز المعاملة,Q326_2
استبانة تجربة المتعامل _ 2025 - ميدان,Customer Experience Survey _ 2025 - Tablet,4,,,,4.0,2,8,6,1,5,5,5,3,5,5,3,5,5,5,5,5,5,5.0,5.0,5.0,5.0,5.0,5.0,5.0,5.0,5.0,5.0,5.0,5.0,5.0,5.0,5.0,5.0,5.0,10.0,,Nothing,Nothing,Q326_4
استبانة تجربة المتعامل _ 2025 - ميدان,Customer Experience Survey _ 2025 - Tablet,4,,,,2.0,2,5,2,1,5,5,5,2,5,5,2,5,5,5,3,5,5,5.0,5.0,5.0,5.0,5.0,5.0,5.0,5.0,5.0,5.0,5.0,5.0,5.0,5.0,5.0,5.0,5.0,10.0,,لا يوجد,المعاملة طيبة و.  سلسة,Q326_2
استبانة تجربة المتعامل _ 2025 - ميدان,Customer Experience Survey _ 2025 - Tablet,4,,,,1.0,1,8,4,1,5,5,5,3,5,5,5,5,5,5,5,5,5,5.0,5.0,5.0,5.0,5.0,5.0,5.0,5.0,5.0,5.0,5.0,5.0,5.0,5.0,5.0,5.0,5.0,9.0,,Parking,Staff good behaviour,Q326_1
استبانة تجربة المتعامل _ 2025 - ميدان,Customer Experience Survey _ 2025 - Tablet,4,,,,2.0,2,8,3,1,5,5,5,3,5,5,4,3,5,3,4,4,5,5.0,5.0,5.0,5.0,5.0,5.0,5.0,5.0,5.0,5.0,5.0,5.0,5.0,5.0,5.0,5.0,5.0,10.0,,مواقف السيارات,تعامل الموظفين,Q326_2
استبانة تجربة المتعامل _ 2025 - ميدان,Customer Experience Survey _ 2025 - Tablet,4,,,,1.0,1,8,3,4,5,5,5,2,5,5,5,4,5,5,5,5,5,5.0,5.0,5.0,5.0,2.0,4.0,2.0,2.0,2.0,5.0,5.0,5.0,5.0,5.0,5.0,3.0,4.0,7.0,,عدم اكتمال الإجراءات,تعامل الموظف,Q326_1
استبانة تجربة المتعامل _ 2025 - ميدان,Customer Experience Survey _ 2025 - Tablet,4,,,,2.0,2,5,3,1,5,5,5,5,5,4,2,5,5,2,3,5,5,5.0,5.0,5.0,5.0,5.0,5.0,5.0,5.0,5.0,5.0,5.0,5.0,5.0,5.0,5.0,5.0,5.0,9.0,,لا يوجد ولكن اتمنى الفصل بين أماكن النساء والرجال,الضيافة والموظفين,Q326_2
استبانة تجربة المتعامل _ 2025 - ميدان,Customer Experience Survey _ 2025 - Tablet,4,,,,2.0,2,8,3,1,5,5,5,5,5,4,5,5,5,5,2,5,5,5.0,5.0,5.0,5.0,5.0,5.0,5.0,5.0,5.0,5.0,5.0,5.0,3.0,3.0,4.0,5.0,5.0,10.0,,لا يوجد شيء ازعجني,السلاسة وسهولة في التعامل ولم انتظر لإنجاز المعاملة,Q326_2
استبانة تجربة المتعامل _ 2025 - ميدان,Customer Experience Survey _ 2025 - Tablet,4,,,,2.0,1,7,3,1,5,5,5,5,5,5,4,5,5,5,5,5,5,5.0,5.0,5.0,5.0,5.0,5.0,5.0,5.0,5.0,5.0,5.0,5.0,5.0,5.0,3.0,5.0,5.0,10.0,,لا,إنجاز المعاملة بسرعة,Q326_2
استبانة تجربة المتعامل _ 2025 - ميدان,Customer Experience Survey _ 2025 - Tablet,4,,,,4.0,2,5,4,1,5,5,5,5,5,5,5,5,5,5,5,5,5,5.0,3.0,3.0,5.0,5.0,5.0,5.0,5.0,5.0,4.0,5.0,5.0,5.0,5.0,5.0,5.0,5.0,10.0,,Nothing,Good wifi and staff good,Q326_4
استبانة تجربة المتعامل _ 2025 - ميدان,Customer Experience Survey _ 2025 - Tablet,4,,,,1.0,1,8,4,3,4,4,5,4,4,5,5,5,4,4,4,4,3,5.0,5.0,4.0,5.0,3.0,4.0,5.0,5.0,4.0,4.0,3.0,4.0,4.0,4.0,4.0,5.0,5.0,10.0,,Nothing,Nothing,Q326_1
استبانة تجربة المتعامل _ 2025 - ميدان,Customer Experience Survey _ 2025 - Tablet,4,,,,2.0,2,7,4,1,5,5,5,4,5,5,3,5,5,3,5,5,5,5.0,5.0,5.0,5.0,5.0,5.0,5.0,5.0,5.0,3.0,5.0,5.0,5.0,5.0,5.0,5.0,5.0,10.0,,But the receptionist is should be more trained,The service is good,Q326_2
استبانة تجربة المتعامل _ 2025 - ميدان,Customer Experience Survey _ 2025 - Tablet,4,,,,2.0,2,8,4,1,5,5,5,3,5,5,3,5,5,5,3,5,5,5.0,5.0,3.0,5.0,5.0,5.0,5.0,5.0,5.0,5.0,5.0,5.0,5.0,5.0,5.0,5.0,5.0,10.0,,Parking no enough spaces,Good service and no waiting too much,Q326_2
استبانة تجربة المتعامل _ 2025 - ميدان,Customer Experience Survey _ 2025 - Tablet,4,,,,3.0,1,5,1,1,5,5,5,5,5,5,5,4,5,5,5,5,5,5.0,5.0,5.0,5.0,5.0,5.0,5.0,5.0,5.0,5.0,5.0,5.0,5.0,5.0,5.0,5.0,5.0,10.0,,لا يوجد,اجتهاد الموظفين,Q326_3
استبانة تجربة المتعامل _ 2025 - ميدان,Customer Experience Survey _ 2025 - Tablet,4,,,,2.0,2,5,2,1,5,5,5,5,5,5,5,5,5,5,5,5,5,5.0,5.0,5.0,5.0,5.0,5.0,5.0,5.0,5.0,5.0,5.0,5.0,5.0,5.0,5.0,5.0,5.0,10.0,,لا شيء,حسن تعامل الموظفين,Q326_2
استبانة تجربة المتعامل _ 2025 - ميدان,Customer Experience Survey _ 2025 - Tablet,4,,,,1.0,1,7,3,3,5,5,5,3,5,5,4,5,5,5,2,5,5,5.0,5.0,5.0,5.0,5.0,5.0,5.0,5.0,5.0,5.0,5.0,5.0,5.0,5.0,5.0,5.0,5.0,9.0,,مواقف السيارات ضيقة قليلا,سهولة إنجاز المعاملة واهتمام الموظف المسؤول عن المعاملة,Q326_1
استبانة تجربة المتعامل _ 2025 - ميدان,Customer Experience Survey _ 2025 - Tablet,4,,,,1.0,1,7,4,3,5,5,5,5,5,5,5,2,5,4,5,5,5,5.0,4.0,5.0,5.0,5.0,5.0,5.0,5.0,5.0,3.0,5.0,5.0,5.0,3.0,5.0,5.0,5.0,8.0,,لا,انجزت معاملتي والضيافة,Q326_1
استبانة تجربة المتعامل _ 2025 - ميدان,Customer Experience Survey _ 2025 - Tablet,4,,,,4.0,2,5,4,1,4,4,4,5,5,5,5,5,5,5,5,4,4,5.0,5.0,5.0,5.0,5.0,4.0,5.0,5.0,5.0,5.0,5.0,5.0,5.0,5.0,5.0,5.0,5.0,10.0,,,All staff are very helpfull,Q326_4
استبانة تجربة المتعامل _ 2025 - ميدان,Customer Experience Survey _ 2025 - Tablet,4,,,,2.0,2,8,9,1,5,5,5,5,5,5,5,2,5,5,3,5,5,5.0,5.0,5.0,5.0,5.0,5.0,5.0,5.0,5.0,4.0,5.0,5.0,5.0,5.0,5.0,5.0,5.0,10.0,,Nothing,service was fast and employees are nice,Q326_2
استبانة تجربة المتعامل _ 2025 - ميدان,Customer Experience Survey _ 2025 - Tablet,4,,,,2.0,2,5,2,1,5,5,5,5,5,5,5,4,5,2,3,3,5,5.0,5.0,5.0,5.0,5.0,5.0,5.0,5.0,5.0,5.0,5.0,5.0,5.0,5.0,5.0,5.0,5.0,8.0,,ازعجني ان منطقة انتظار النساء مكشوفة / او يرجى تخصيص أماكن,تعامل الموظفين,Q326_2
استبانة تجربة المتعامل _ 2025 - ميدان,Customer Experience Survey _ 2025 - Tablet,4,,,,4.0,2,8,4,1,5,5,5,5,5,5,5,5,5,5,4,5,5,5.0,5.0,5.0,5.0,5.0,5.0,5.0,5.0,5.0,5.0,5.0,5.0,5.0,5.0,5.0,5.0,5.0,10.0,,Nothing,Good service and treatment,Q326_4
استبانة تجربة المتعامل _ 2025 - ميدان,Customer Experience Survey _ 2025 - Tablet,4,,,,1.0,1,8,4,3,5,5,5,5,5,5,5,5,5,5,5,5,5,5.0,5.0,5.0,5.0,5.0,5.0,5.0,5.0,5.0,5.0,5.0,5.0,5.0,5.0,5.0,5.0,5.0,10.0,,Nothing,Service,Q326_1
